100.00896986251934 0.0 100.06248840792826 0.1047852311307113
99.64128416807571 0.20868852269464036 100.21593613278112
0.314838684505806 99.6407428750912 0.4173766088472416 99.67256149019842
0.5218890808740143 100.18631493638547 0.6294974658651791
99.95341206948859 0.7327099024539607 99.92276409285742
0.8371305753762118 99.67296321223188 0.939423362342791 99.5259356653992
1.0422712606499578 100.0723033563048 1.1528011705554264
99.69938415336304 1.252925363336474 99.67712235661693 1.3570451341643563
99.70987412466528 1.4619278469970514 99.90444887930056
1.5694244954149614 100.22586535984682 1.679457656363915
100.02363998091343 1.7808448192208248 99.69056478969247
1.879345461880452 100.19313544814293 1.9937812225170608
99.73383533873385 2.089126036104197 100.37483597517256 2.207713833891025
100.24301110067647 2.3098418623174086 99.83103353517792
2.404949784446872 100.14718213181719 2.517503299875296 100.4415504455268
2.6301545622540976 99.62115995847432 2.7130693515559825
100.14979699317873 2.832423620977508 99.98420762832868
2.9325305515386098 100.14683041534559 3.0422672625664133
100.19230951329847 3.1486701742626986 99.56204328854177
3.233230830318471 100.33566515718543 3.363539525021366
100.04932959534733 3.45883360890129 99.92711367498802 3.559380774991717
100.09008047083596 3.6701366397895536 100.3156815925643
3.783604718552466 99.97867534669221 3.875744403277695 99.90876806664075
3.9778201344799298 99.89101156398462 4.081889017704767 99.83831758152401
4.184465302965895 99.84110754645258 4.289323899681424 99.62467502269334
4.3845496446900425 99.86074266818363 4.4997204882244635 99.7298313887659
4.59847549220253 99.82702981667317 4.707723220968856 99.81048185558004
4.811701793296297 99.82937040208347 4.917401738710499 99.63543979914158
5.012445675647668 99.38688175744305 5.104287895483529 100.03659566390495
5.242695825780768 99.59982261705025 5.324398458820791 99.6169002725752
5.429933979977109 100.32276307257831 5.573785209234118 99.76110663761128
5.647378597165976 99.5897180923168 5.742307015251669 99.64327954057818
5.850094820283065 99.42341839092265 5.94166798893754 100.04804774028587
6.084147487225103 100.13820347194277 6.1948890862749275
99.35356139990076 6.250796255939815 100.18016983145755 6.408132711352239
99.56478236199355 6.473466448020143 100.23436611287562 6.622417315590239
99.45596591956863 6.675600888366722 99.42013111549666 6.77778457498559
99.8335527250625 6.9110077052872 100.17506682517764 7.040062596955047
99.32172830475515 7.084622917858947 100.05308787648775 7.24210717405575
99.95282673672818 7.340076771352205 100.21269628660464 7.4646769708773
99.74589945766564 7.534947508057741 100.17869145859119 7.673155150750007
99.7516754783577 7.745529012719143 99.33545108895005 7.817869548893772
99.74642355162244 7.955323679893064 100.06730847571681 8.08638166181335
100.10506214110363 8.194955813601553 99.98954057799855 8.29091840698551
99.78424921380275 8.379117517243227 99.70374557272929 8.477512469719056
99.61435246485347 8.574991102397476 99.41669032997773 8.662865838266596
99.15391053770355 8.744599723841477 99.7424369284546 8.901775344818523
99.73005965486617 9.005949510379283 99.45829002096083 9.086419603076425
99.39405691281821 9.185515363318064 99.79463204720449 9.327942031339559
99.69900121036997 9.42433035515689 99.47426533750205 9.508197015890806
99.42868935363119 9.608923990459656 99.41203791897331 9.712401774503771
99.9605641177168 9.871680396592945 99.52734175655752 9.93414938252756
99.80687431080933 10.067620303724715 99.33549925438842 10.12516569550855
99.62583896048143 10.260182867103065 99.02624650361737
10.303243803353007 99.15216046120027 10.421312000214096
99.56635015108552 10.570274183570495 98.99372694392285 10.61432878001398
98.96398263106335 10.715977627513926 99.65410428605745
10.896298227254075 99.04682047824257 10.934870782686883
99.55187022898276 11.096162153578783 99.67885220812128
11.216008347468449 99.70202091420697 11.324357448254991
98.89313036533413 11.337391205141975 99.32111468434778
11.491845056467278 98.9099595613234 11.54925045511044 99.47435341149179
11.720754577405788 99.15675279772812 11.78862400442589 98.80704924426942
11.85199429236148 98.8167419784109 11.958139722394476 99.14088413635221
12.102719078143634 98.8982105219668 12.178217299545963 99.441758734389
12.350877090819607 99.55286159491567 12.470549824549332
99.22791563761878 12.535400907003236 99.15142646414618
12.631240256525604 99.51768292508126 12.783819075021539
98.81605220426127 12.798890842672911 99.35717063677298
12.974784259224018 98.87221688566252 13.016774295000163 98.6670248758578
13.094889501989869 99.42602008269834 13.301589226819093
99.19672915974392 13.376666474861555 98.74123945754259
13.420540542713562 99.29014451048229 13.601057957303018 99.4235284169307
13.725414280237958 99.21443522221851 13.802441483035238
98.54954147883855 13.815156794001842 99.31803004089284
14.028952384524883 98.93341467169103 14.080309999040386
99.04364692676238 14.20183329220413 98.52101637805224 14.232201558103222
98.60409908088714 14.349632337075606 99.32574845454927
14.560885088597626 99.20637555278553 14.649522998429092
99.24692795865202 14.761725139657978 98.72034713095627 14.78908615621777
98.44526049405437 14.853297846219892 98.77153484504356
15.008330374606809 99.02873211528944 15.153525426606851
98.80727011653391 15.225547547456463 99.15231891960615
15.385032017376682 99.16218152082767 15.49292221713188 98.60027251594462
15.510922337228159 98.29924245966812 15.569070501300429
98.74642262012517 15.745915545822664 98.32400848044328
15.784158598923128 98.61292873285325 15.936485890865441 99.0349523687527
16.11112338135607 99.04380518785443 16.219045103424374 98.82648212296255
16.289741424831075 98.74112929988438 16.381901780747526
98.99321239729463 16.53026170067053 99.0316275038818 16.643292447096393
99.0785009503637 16.757874077358778 98.53839520154855 16.772682013706216
98.3408120408976 16.845035354962164 98.61265767920472 16.997916459068236
98.47107449912379 17.079713388381577 98.47803630205983
17.187168702162964 98.03159587070954 17.21505717353964 98.65853664209105
17.43167312938021 98.38269942267362 17.489198419354977 98.17938581625809
17.559137977996944 98.20622075492876 17.67008809969992 98.80273984393322
17.884254612404074 97.95650963523393 17.83703965216628 97.98379197414476
17.94803839170509 98.82306692986548 18.208751454624274 98.29169069707794
18.217288078502207 98.32032539339355 18.329113483897856
97.93953807909867 18.364273366385586 98.00292214309327 18.48241586647857
98.67225433740697 18.715671098368404 98.50134913182931
18.790137279189402 97.95781231005263 18.792787420377262
98.44715191553502 18.993574602952247 97.9420202587772 19.00252260924826
97.96741942114701 19.11392526325016 98.11479514655132 19.249357505693013
98.17416480210444 19.36779230452841 98.45556964074564 19.53044511717041
97.79535384934188 19.50594243451414 97.85373458752005 19.62415800624376
98.25846051045991 19.812380978905647 97.93595879812254
19.854103797281063 98.35780120966437 20.046877867522635
97.87301057567034 20.054842687639447 98.18646369683593 20.22623212027444
97.93173048633852 20.280686417320762 97.54895289590958 20.30797412496459
97.72310756810477 20.451023987425888 97.64553081342605 20.54154502619031
97.7790608676735 20.67658457484025 97.88237792056267 20.805541698880493
97.42623425281613 20.815243160297907 98.04385373497769
21.054580347612617 97.58181394950468 21.062282898478077
98.14825867108839 21.292138936001734 97.74244850103476
21.311300214089503 97.22139543328892 21.304366659606544
97.90078343834115 21.56071179070093 97.63091312136964 21.608500532599287
97.27560659474725 21.636742747168935 97.929282519587 21.889788094244544
97.31265126945216 21.858976959205993 97.35706237843837
21.976074366575418 97.39384573242974 22.091589998915154
97.15751178002341 22.144986303825345 97.11829280720112
22.243058366703746 97.61254424623205 22.46386445322981 97.3473211175144
22.510194620302723 97.50183813754454 22.653513767352674
97.83753131069581 22.83952073807308 97.0699772676259 22.767557621954527
97.73298538565393 23.031067398540944 96.85906552206728
22.932215312442587 97.65068089786166 23.2276555447651 97.62065044086448
23.328551444316272 97.08801013825688 23.308768995550434
97.60117648832801 23.540095301351553 97.48807605354327
23.620872230692544 97.36128672785397 23.69812129437605 96.71166264299956
23.647303993745936 97.29989649920778 23.899146816394648
97.22798976415848 23.989472265945714 96.83349651754705
23.999742162705054 96.94404761299403 24.1349254127951 97.22254834638241
24.312409875304592 96.64379265506321 24.275242831701707
97.40193769999502 24.574138743197423 97.32479401323978
24.663110101203667 97.26890976217673 24.757378140049283
97.12645395059295 24.82944817868702 96.61696361488562 24.807019927539116
97.3104153490584 25.093718403568648 97.19438793604618 25.17237748959723
96.6861727815292 25.148825100688615 97.10860446847542 25.367304452120095
96.54480381065402 25.328055137811955 96.5155747926953 25.4284438450881
96.47848864636198 25.52674785079566 96.63133659711019 25.675495220573453
96.39796926272115 25.721592889711776 96.5180388486215 25.861930564523856
96.31856834437448 25.916619305354995 96.87927726351941 26.1763178345028
96.88199036049988 26.28594307231252 96.69474206174168 26.34388250266345
96.5061293094372 26.401089446753378 96.15375895242191 26.412950649938256
96.22764233283822 26.541650398967658 95.933784952159 26.568733988352996
96.12561946427445 26.730277168068557 96.74082464733658
27.010523568032298 95.96000410557525 26.90086902816909 96.47550727603847
27.154382724970574 95.75848354959258 27.060820577870906
96.04226476259186 27.24965490358147 96.0437080375438 27.358769923923322
95.74748139953154 27.382822466656926 96.24991678827355 27.63558320827417
95.92033507962614 27.649713805731537 96.34550789005212
27.881582082612773 95.74757001170843 27.81724055522076 96.40487727105503
28.11771546461636 95.64851680403333 28.005829973251995 95.94237605128909
28.200989405172916 95.63943922164844 28.220785202138295
95.81451325245979 28.381551838601673 96.08966775093681 28.57254425215845
95.8560223945232 28.612358876745706 95.91763907472755 28.74017942610977
95.62385382012077 28.761313107818793 96.10271874429655
29.015121452681733 95.46358813377891 28.931272950805035
96.10666386430634 29.23608520677335 95.24652066234337 29.08343257145075
95.78899070687758 29.35877309270126 95.29228173535701 29.315733720344063
95.85174877493529 29.597759227160175 95.39703289421023
29.566809271557553 95.60585311804384 29.7413009776592 95.88737889474012
29.939044854316432 95.50482295281152 29.92939730863501 95.41056857082219
30.009621841877543 95.07707003491511 30.014176553426452
95.32084546009192 30.200935896379058 95.75705809451794 30.44952251820575
95.13640368666033 30.361899360344847 95.63428712459407 30.6311793088849
95.20565073475082 30.603853304255765 95.33769842108475 30.75649077299914
95.26271643614757 30.842479651766528 95.32821921046784 30.97401602828911
94.77791332831082 30.90497762366068 94.87784239766258 31.04751989557668
95.11422123972862 31.23517888699022 95.21241719426597 31.377923089977582
94.76250827311078 31.33970322790117 94.52312602305825 31.37038397015863
94.82610829100281 31.581215467344794 94.79742064434352 31.68198238224969
95.13303945532779 31.904937859862642 94.82693851710951
31.912790606686176 95.13888036114975 32.128722712493555
95.00938550880021 32.19587131552129 94.5743107627635 32.15888741685792
94.6078237225394 32.280851028439045 94.90477355557289 32.49316664502444
94.24960646073795 32.379159898650435 94.64078462410947 32.62439258093033
94.70293000689335 32.75681275200966 94.03525718203349 32.63616613517228
94.73317447330379 32.98958170258132 94.6917818664584 33.08639402152153
94.79374028625467 33.23344748798857 94.78496540595481 33.34187068120155
94.0972791373543 33.21074007778233 94.28309126894307 33.387393693939636
94.14617996172453 33.449904845472496 93.72753559863057 33.41174422246633
94.08061257164408 33.64869032719457 94.1508969753828 33.78507655795544
94.28711948921968 33.94545176770574 93.64137810714291 33.8237836780437
94.38618270911228 34.20459024744613 93.95442067166297 34.15947627386049
94.35172122045559 34.415833049983156 93.9925462606126 34.396387443748154
93.93238718513342 34.48595385826747 93.93108319445764 34.59714090726816
93.80312295813313 34.6616097155141 93.5713972798656 34.68739395469009
93.34436470078717 34.71445805476991 93.85067770770304 35.01467085324898
93.76560178526712 35.09483258093656 93.63285990090839 35.156981448782574
93.99311575663668 35.404599660783205 93.27735537109447
35.246575456459844 93.35771581658803 35.38870856809418 93.64188989840125
35.60862589811377 93.43279388183248 35.64114958624246 93.77449275747398
35.88402999753749 93.7954713312501 36.00470809326232 93.74174460760398
36.0967607321315 92.86428728436978 35.87059349103134 93.47217704149514
36.21793647601965 92.77128198664751 36.058139504747686 93.61126570000688
36.49750737675383 92.76648158831082 36.28009731726719 92.79119033698217
36.40183976516322 92.9003853787084 36.556980025626444 92.88085379992216
36.661666385683574 92.77673394094434 36.73290753199406 92.96825010237103
36.9213984692355 92.5588649394481 36.87107684496482 92.54883987710535
36.97942640942884 92.948734766728 37.25213401520834 92.83945274357342
37.32122070986621 92.61184045450543 37.3424241571142 92.28487360212311
37.3229864089363 92.23606374229747 37.41568185478078 92.37505147496915
37.584763279810126 92.69781998655408 37.82927961499499 92.58911251869601
37.898071922429935 92.36091806899555 37.91764154025174 92.07929686650084
37.91475075288999 92.61740143104326 38.24980366103287 92.2794595727352
38.22340368348666 92.50954262896666 38.43225351989902 92.30344724841041
38.46002502799213 92.05992338985152 38.471747625715196 92.45321706647452
38.74987930419573 91.80953197628595 38.59317357937377 91.98343934537124
38.779673243028235 92.5412156641579 39.12901256887128 91.89572238252187
38.96956810099016 91.65149075420622 38.97928561182286 92.23108575874966
39.33989187376702 92.10340691172273 39.399481206293416 92.10330159087897
39.5135872236541 92.11974514242111 39.634915816880515 91.84178755605096
39.629355360355916 91.84771531428676 39.74605561863255 91.41662764481748
39.673217064004014 91.9944909991005 40.03853222583199 91.48721703275832
39.931757541575195 91.93870742527005 40.24349348158022 91.75924735627531
40.279493484563254 91.83953885551155 40.429498109113915
91.14821836551172 40.239166115840575 91.33488670596694 40.43591398240386
91.38956664222773 40.57463601951509 91.69869445678319 40.82688917750273
91.19286430844815 40.71615967116292 91.52971523973245 40.98156919579669
90.85842392776595 40.79527938403978 90.98712626285986 40.96761061178551
91.44692906758326 41.28987170265114 91.42076208328167 41.393364430995746
91.39603857497045 41.49755591517854 91.26518101057238 41.55347138009569
90.79911630337507 41.45612058525502 91.28198179815818 41.792154231382064
90.8130131629299 41.69253208753504 90.65927224798311 41.7369533149714
90.36138540721572 41.714551525264795 90.82139965116781 42.04234562718044
90.36133099958995 41.944333345389495 90.68538828039493 42.21023938417233
90.18820084183285 42.09378204277371 90.58960441224518 42.39671734334371
90.336336824447 42.39356293668677 90.4913932683129 42.582017429198835
90.2566277480293 42.58704750232233 90.24259634075024 42.696025433730334
90.36401737020205 42.86934161718271 90.12450450265383 42.871391612640025
90.36801706779602 43.10333307978843 90.40486525256975 43.23717699255086
90.11840329223632 43.21618919990991 90.27173694061678 43.4060503404295
90.04749139740974 43.41438272576631 90.43331828349217 43.71717416833591
89.90060869719782 43.575855658817204 90.37626040456797 43.92334632801712
89.86768176287238 43.792571594339066 89.52330741502425 43.74082735484166
90.10366569923946 44.14133035405256 89.73564979994671 44.077624782076946
89.71508316125473 44.184199376760056 90.04467543487284
44.463748115920275 89.76623609439017 44.44324047307679 89.49840846321572
44.42739578764854 89.67264769028759 44.63099459170854 89.57569925050812
44.69984345704586 89.48790139665572 44.77313943980891 89.63767447284751
44.96550246720843 89.68461113628028 45.10666022384622 89.53333141687509
45.14811243602592 89.06552454814958 45.029263368674904 89.21940189952572
45.22443368817445 88.96671513567388 45.213515003297935 88.69187146102892
45.19076567268286 88.67576106657471 45.29958877318164 89.17473462257844
45.67230330304443 88.97691533003487 45.6886679909259 88.6696694827068
45.64830153622612 88.84938988739754 45.8585897173138 88.72078257394567
45.90993303341324 88.43761166746629 45.88087590520214 89.00082021248019
46.291415612044965 88.52611418995981 46.16235758538429 88.94698537537576
46.50036021748491 88.27000246163551 46.2642061551289 88.96280910277598
46.74613971874564 88.05724409327489 46.388042891360165 88.5856104849834
46.78495918100637 88.03992115079919 46.61473873732175 88.24261813148848
46.84044003141163 88.56347025657152 47.12969426765603 87.93546477542291
46.91372622374052 88.0993560091949 47.119744901963465 87.90930029883133
47.13655324732869 87.9565728480366 47.28055666294566 88.1627235768812
47.51043999344813 88.29866130700171 47.70308257691452 88.04523718590842
47.68534953007743 88.00707115039525 47.78394088959254 87.46168253129632
47.60647691357887 88.07608746467692 48.060532862823706 88.01644556289824
48.147671459482375 87.72788667896545 48.109248779457076
87.32023281755892 48.004704222008804 87.40987755376867
48.173255712545426 87.59557465829558 48.39525723837661 87.35025117440166
48.37918297576508 87.1501059352623 48.38765991110463 87.24762483630347
48.56140501743482 87.01553506608693 48.55164695044241 86.90113547857307
48.60721984527197 86.93797064235844 48.74741772452297 87.14246398823902
48.98209688767815 87.40183430559682 49.24840261462169 87.43436474785982
49.3874354951532 86.78517218918573 49.140686606851155 87.39692229839142
49.60801750023432 86.85340031627497 49.41983317923358 87.053090057945
49.65420591599426 86.41222996001947 49.40866882758373 86.89619301799964
49.80620832457596 86.89831922734444 49.928394835574736 86.45812433691556
49.79597594285863 86.8075578502722 50.11836689254866 86.19782500550582
49.886765193438386 86.37260840430682 50.1087388997972 86.27157155048742
50.170946415229814 86.66213727317506 50.51959718366132 85.93747876986234
50.217807967555046 86.29259265482223 50.5466163378495 86.34095133318888
50.69645637116526 85.9176067555581 50.56894941823752 86.25334746072554
50.888247505542736 85.8439573104479 50.76797483100547 86.02557220989397
50.99705042563102 85.58646741960645 50.857941722324256 85.60293945066121
50.98910234960462 85.48662672740576 51.04117992922843 85.73891668339994
51.31368306756638 86.09461530961457 51.6490927029262 85.78168821004184
51.58360087918819 85.3442773555501 51.442336565638364 85.64954581679326
51.74869738205984 85.27467907108496 51.64418135281729 85.72665962340047
52.0406877821628 85.03806988302156 51.74462284489602 85.51514255825636
52.15770225719219 85.57674810322203 52.31830899046339 85.07767002441032
52.13566324406771 85.61401830267276 52.587739514581834 84.95346590242396
52.304607531477785 84.79955697385502 52.332390993541594 85.1601058298335
52.67811981138371 85.13772060988974 52.78762326228372 84.96389922543334
52.803107999565256 84.6368274604322 52.722784420260155 84.86878951534072
52.99072233833082 84.78683759663929 53.063036929748584 84.36660883844738
52.923073956534765 85.03308332958811 53.46532077725145 84.20850570261007
53.06998625014505 84.28305433804263 53.24036627173175 84.70783435506401
53.63287755613849 84.40807684642246 53.5669944353291 84.7955652254742
53.93754516215948 84.29545956284518 53.74350652917119 83.85947672811982
53.589137231909895 84.15830612803268 53.90430261784574 84.3041204650205
54.122283439227125 84.23440346145102 54.202175544855834
84.31203349923817 54.37706077856028 84.38235530223555 54.547620810265926
84.32501167938648 54.635842345534456 83.82797431714674
54.438523043920995 84.1110193795333 54.74764713365849 84.11721053116547
54.87716959896951 83.37724127301271 54.51898035186484 83.90053877797405
54.98666814444041 83.50453642832264 54.85222794694303 83.88563148804806
55.22839600624434 83.79969296331514 55.297695968604415 83.76124816428622
55.39832323484021 83.64107418004683 55.44483195219805 83.27252550601513
55.326133668883905 82.97546770153308 55.254104083825496
83.12902448088349 55.48210125784327 82.77036293190672 55.36809777553704
83.32664741115995 55.866611178686036 82.74866321192057 55.60479406127516
82.83333489451911 55.7876910859781 82.55717224032357 55.72745460531137
82.8579884461189 56.05690450094804 82.92505782669556 56.22895541424
82.75231714874847 56.23841666074291 82.43821913384244 56.151246440243696
82.67933330640189 56.442317595350865 82.39258019606427 56.37314287450056
82.32264791358212 56.45195071305305 82.43728253422182 56.657574564632
82.26649654847 56.66713033555773 82.662009299908 57.067297101052496
82.49685612845909 57.08093783252514 82.18393235847611 56.99177828516917
82.1152484607133 57.07158441977689 81.86247763704884 57.02313300181027
81.62269134882906 56.98314593519283 81.94172076448515 57.33359412163931
81.5998612613846 57.2217775624457 81.99319757719049 57.62578441888582
81.9293515137423 57.70918188040316 81.90324825006886 57.819212998831155
81.78004472221745 57.860652265229625 81.62010884679512 57.87584828359091
81.5169409767305 57.931074590068995 81.05513934845145 57.730733520669084
81.78267490683557 58.378097969607424 80.98747115268999
57.938585357366314 81.06080313423257 58.11947510851672 81.19516969593933
58.34464819398618 81.4485755370393 58.656169609793444 80.96552904218362
58.437155318656195 80.68846334775368 58.36579293453944 80.60053579249842
58.43085614638565 80.95849116389891 58.81978683371879 80.43616601423246
58.56908933071352 80.73975567688225 58.919623580694925 81.04706587532061
59.274051339786574 80.79261737343461 59.21791874716126 80.8856063473007
59.41638479191863 80.59253550567522 59.33113927776852 80.62147958872076
59.48273137027086 80.69939072301756 59.670825825903506 80.74049157794113
59.832097137272044 80.6238848286321 59.876581086815655 80.27958040518187
59.75141640781823 79.82057865803347 59.53977974512115 79.98297841554657
59.79137961484465 79.95887480056051 59.903988584278714 80.33342658315397
60.316042803059865 80.08012427817631 60.25709544395755 79.68993771527752
60.0942995591093 79.9354880341381 60.410883777263145 79.40584391032291
60.14135803955278 79.30900308200465 60.19880983621859 79.9627343527503
60.827105116394236 79.3922627695953 60.52450429492812 79.14010263412845
60.46341565290986 79.43918343047586 60.82376627444022 79.41276369253627
60.9355567712788 79.27624248562731 60.96280453139123 79.49912844880755
61.266790746927256 79.44483993069593 61.35766492359524 79.19969948080514
61.30085233867169 79.3985167319042 61.58780263666797 78.78036200312137
61.24055640164239 78.62228571864294 61.24986793204499 79.00122103723145
61.67812097739078 78.99287376418322 61.80485516863677 78.61216438260533
61.639810521627055 78.34746710600085 61.564858052382554
78.43811956620823 61.76906086664324 78.70601929459606 62.11367179656345
78.16543375996807 61.81999418472745 78.1396085483026 61.93269057931424
78.03990734411316 61.98684061508449 78.5372389293122 62.51611350394681
78.343527784916 62.49605465219555 78.23891075132435 62.54678100039538
78.05021485738075 62.53001319033115 78.32155744116905 62.88217362889885
78.30053460102448 63.0002596003989 77.7849655646567 62.71973713427911
77.42421601987355 62.562761953670886 77.4087674403695 62.68438390251676
77.78687924567028 63.125561803874376 77.65159031978952 63.15075566672517
77.69360871985828 63.32021418346207 77.75418809252717 63.50520982898739
77.23891699626657 63.21932103423822 77.03669480582874 63.18863710117293
77.34416450346689 63.576440193843034 77.39941990672409 63.75779441658423
76.75595857109111 63.36278024720703 77.3145768386107 63.96018043331597
77.0972353837356 63.91648798094078 76.72566014779704 63.74412567912232
76.58282670525789 63.76112954021132 76.90039732191293 64.16200272888031
76.8478608301028 64.25478516549619 76.26682526621565 63.90478509449131
76.60384480887697 64.32383823220903 76.3226778004962 64.2241427420302
76.10355017504756 64.1759980782564 76.27529499839865 64.45762179221633
76.0876893514012 64.43578410271712 76.55022497443551 64.96526454628255
76.13059978967743 64.7464096569272 75.96176134012421 64.74002326643311
75.80845108038692 64.74653386266056 76.1153882910946 65.14665750196987
75.80715041390043 65.020501043509 75.52046595700895 64.91199738382672
75.45582929574925 64.99395835252784 75.37696637019056 65.06365203422118
75.72070713634056 65.4988612071106 75.35756835582691 65.3228298336709
75.1404879309447 65.2725944451883 75.70122413232272 65.89891212374927
75.41475652606702 65.7884852346714 74.96021534140964 65.53032572090024
75.04879621196437 65.74654264224073 74.97883058676756 65.8241538628081
74.7059457957403 65.72324124813917 74.87478975915565 66.01100675095651
74.81304759452576 66.09593947880816 74.98149025091091 66.38469368940494
74.78558302798295 66.35107934220926 74.92423992340389 66.61444965372854
74.62037885818066 66.48433239822744 74.27594895056674 66.31711331312546
74.30775734739943 66.48549145574663 74.70431716142424 66.98129508099541
74.61033115757787 67.0381018257011 74.19476580289391 66.80526719465674
74.48885832191567 67.21144762503403 73.92379762249516 66.84216347309619
74.16459722204503 67.2011918229699 73.76032554762395 66.97567092977066
74.20856128813894 67.52459529560316 74.19640443228045 67.65569927580427
73.70682738955556 67.35077814838385 73.75266905327423 67.53452369306018
73.67844928624544 67.60854774015533 73.80854956390887 67.87044050456228
73.84184187541433 68.04390411063049 73.5549301296314 67.92208979621951
73.75086767004393 68.24624854459492 73.38775328223008 68.05303371897102
73.38045401567058 68.18932584676611 73.49945342443587 68.44347886694833
73.10444970452367 68.21872630318597 72.9504840927247 68.2181076513184
72.9287886815143 68.34111458843864 72.7710695195517 68.33658289404917
72.77615247199269 68.48491413105548 72.4389354895713 68.31075585230295
72.47015673969439 68.48371747782367 72.34261591725576 68.50674329907491
72.79810660495315 69.08282369203299 72.7730759607341 69.20405009555246
72.7428351758742 69.3205006886254 72.18802560968749 68.93618192726032
72.51873961177505 69.39733884809249 72.12636767599132 69.16669982569496
71.74654929583247 68.9468381894204 71.95273044470049 69.29005136787102
72.04472029341902 69.5241934789347 71.84756102542046 69.47938372351405
71.85826022523821 69.63549864051107 72.03463350159943 69.95283927411869
71.42675599763821 69.50801238677838 71.77475851798492 69.99315657494748
71.67912740986338 70.04649324527121 71.4328680328985 69.95223259766122
71.38098012449576 70.0480038849117 71.06302588508106 69.88221814519548
71.23812247912124 70.20129879874898 71.01688445308777 70.13002062227343
71.21975485228752 70.47782129832152 70.68542718023465 70.095721036574
70.68639745526572 70.24365119318391 70.51489798803416 70.22014277694042
70.50985465412396 70.3623335896384 71.05573509681926 71.05573509681925
70.70039492304936 70.84862476402401 70.89192902639475 71.18950411921955
70.31641489751348 70.75961978977125 70.22215202533191 70.81292181638383
70.57121243398977 71.3141291343686 70.11238595717604 70.99902678011864
70.28412675657098 71.32217374747363 70.12572746582289 71.31064981022676
69.7928448516684 71.12096555062655 69.64166621964053 71.11572808935723
69.70560300126103 71.3302917422786 69.47089367175435 71.23920196368877
69.71439909962007 71.63883994124558 69.80660746933683 71.8840498430511
69.76264535036327 71.98946545162008 69.2742237127173 71.63540821683551
69.69363802145061 72.22030787034649 69.68904568250407 72.36705731851592
69.31852715862394 72.13333136810697 69.02454551141189 71.97813052770249
68.8024574605305 71.8971012440715 69.40338401585089 72.67726646105437
69.197260617433 72.61351077549111 69.02652932870699 72.58640000416197
69.07532754204499 72.79020731107967 68.81252636376723 72.66552057945033
68.41824847114343 72.40087678015881 68.69668436415488 72.8481865690656
68.65034283166602 72.95194687126487 68.29212854967844 72.72373045096431
68.38706565711671 72.97782440177573 68.21416257589247 72.94626534242492
68.48609142431957 73.390963116747 67.88743213264426 72.9023310728786
67.860826339836 73.02694644446176 67.83761330877522 73.15544593233746
67.6425184166815 73.09844176060999 67.69136288761733 73.30506882983664
67.99809100419411 73.79212509026635 67.61530251120925 73.53108908055205
67.59272641874672 73.66120752516625 67.66138218267632 73.89120785816432
67.62421519751088 74.00606932759986 67.46604066268542 73.98841031923953
67.30901811035483 73.971645054968 67.38686399697684 74.21317259012473
67.44242610251189 74.4308282618979 66.89792662245138 73.98546863303005
66.94320652905886 74.19157305727323 66.78852358840516 74.17617014424751
66.55414113236098 74.07170511337334 66.68119836409842 74.36961894021088
66.90359308151123 74.77505018789154 66.38688036293735 74.35408886907902
66.37449920124008 74.49710478029249 66.16294341370498 74.41641073573834
66.20465067245051 74.62054044618198 66.13784151888404 74.70267080340498
65.89417486891357 74.58467312126818 66.39734219799205 75.31300130594248
66.05212938290816 75.07978461899842 66.09554971200286 75.28797156624958
65.95270032189032 75.28412243697582 65.94527326292322 75.43487431438513
65.65951247167595 75.26691227209002 65.76366750488698 75.54586218665116
65.41878112421125 75.30877507326156 65.61539254705808 75.69507386084831
65.54611920573883 75.77534028580348 65.48028491235283 75.85964020514724
65.21212390811084 75.70911226754477 65.4319457067587 76.12538864008712
65.09646402165116 75.89571535599546 65.11224517399096 76.07518196575802
64.79294918802577 75.8627964439518 64.57328460498697 75.76612096547036
64.83483435631001 76.23457197031117 64.92485918500383 76.50261430867953
64.43654987922035 76.08859360306045 64.28138947858471 76.0667522173163
64.73127641800073 76.7620308259962 64.62593854888746 76.80016384544872
64.58903371907034 76.91966852956668 64.51612452746053 76.99642505508389
64.26126436545874 76.85560986631431 63.88923069451801 76.57347052834942
64.14380579965889 77.04245516342385 63.862663497868176 76.86833827380251
64.05225157474747 77.26099591061836 63.73884599547515 77.04702946326651
63.86942920367051 77.36969941643716 63.52182884862982 77.11296711699457
63.5036136179062 77.25556705050619 63.59274610948024 77.52936601649927
63.46414124106839 77.53802883937102 62.988173245787614 77.12114145195874
63.00381942885027 77.30539382540765 63.216307249440185 77.73219402107637
62.86107281660731 77.46096099121937 62.944440435513776 77.72991051350586
62.95873374488718 77.91424882123245 62.513839096271425 77.5296109900358
62.66244557950012 77.8806788956691 62.7551766733135 78.16337907713172
62.33482737934251 77.80658314026589 62.19998747882086 77.80511149020114
62.49270967554398 78.33933460387918 62.58746258133992 78.62687277288526
62.05726578087846 78.12857089525916 62.33521259398286 78.64746493826517
61.901499206209415 78.26848901647159 61.760533163669535
78.25854718015967 61.677084481197 78.32132234414141 61.84776551953067
78.70749528080098 61.675211419049134 78.65731282066645 61.89914645066946
79.11338758657382 61.53696714614873 78.82042232213611 61.2930637131053
78.67773320212375 61.62296992881426 79.27230195069313 61.478757630363084
79.25793675686099 61.513927159774745 79.47498866773284 61.24713686336031
79.30173011606804 60.99497076573856 79.14641776597233 61.13052272078614
79.49434380091171 60.996265957243445 79.49188144404994 60.65069055605299
79.21313702489343 60.466104839215724 79.14362248953111 60.38735964994879
79.2123649940004 60.784735382739775 79.90703550352305 60.73129782608107
80.01053010129343 60.077135187718476 79.321049188114 60.13481950941466
79.57020067862416 59.96190418074957 79.51437065596099 60.2516908625926
80.07294172906423 60.17801893882631 80.14959605567168 59.98215387253721
80.06320856272421 59.924369780937624 80.16087947172913 59.82952692890665
80.20902127527691 59.8094620190299 80.35756813488905 59.800991978084895
80.52210400738294 59.404451000037724 80.16340401133805
59.444041102760686 80.39268491277267 59.245951646358115 80.3005539815958
59.11187065759633 80.2946916706904 59.06177776621577 80.40286737909457
58.88568513918806 80.33934202476557 59.185265183891 80.92566608463586
58.74220648458008 80.49663441909627 58.63603484947411 80.52810599353673
58.51914318530441 80.54469068171687 58.72569603285417 81.00724304256548
58.55556503164194 80.95081597129561 58.24978773909073 80.70592853421655
58.722069869006454 81.5400830847726 58.64203020514198 81.60902055643353
58.05642951138746 80.97287173554338 58.38708950443513 81.61439734442482
57.82695304824211 81.01056845770044 57.775922979095895 81.1185862791674
58.15800203370436 81.8362589103218 57.74271057039822 81.43234979073507
57.76499888708214 81.64484857014378 57.415261722130566 81.33103496696502
57.31632595374191 81.37161650068336 57.665140568951095 82.04919571449518
57.27724509830207 81.67895952472412 57.12873105550713 81.64892851210438
57.41449517817549 82.24055625512199 56.95819297024766 81.76924965041091
57.00688710487775 82.02216122401406 56.93080114464652 82.09600140873366
56.9666767875352 82.33171909063957 56.600261167351455 81.9855075089326
56.855881030424094 82.54051533671279 56.55786026723149 82.29219733121636
56.59081514135902 82.5251508792858 56.314987756174524 82.30758315658473
56.572814447462726 82.87049116792954 56.56612356826395 83.0473192653907
56.30484534049381 82.85006398269081 56.02427843859286 82.62320533955095
55.78060285222125 82.44958560936466 56.00133671477021 82.96291358710278
55.97288006397787 83.108302729445 55.61754040964651 82.76763177940417
55.81716525929992 83.25289740908033 55.866465567747774 83.5153782871765
55.557510108694096 83.24200982329725 55.649049387771605
83.56855977776573 55.35125720846875 83.31033947298054 55.45772204381404
83.66051947496572 55.22758372305862 83.50309315556578 55.046341376418425
83.41878310294655 54.895468224977996 83.37995217829072 54.82094162142723
83.45690754966944 54.87993067943789 83.73767510349238 55.000514981253744
84.11366423464457 54.81996259712637 84.02952209072544 54.65282839037953
83.96534551826196 54.21558611735189 83.48468155478247 54.300667112386705
83.80770190184013 54.0594695930655 83.6272105527642 54.22135483021636
84.07061027876911 54.33465777350637 84.44029116591015 54.1523950017421
84.35102404395951 53.964759101093755 84.25269405214107 53.72000960528835
84.06427362011287 53.8824591732683 84.51340360386676 53.67149403991045
84.37730452743624 53.71177177588547 84.63620943097608 53.38294269208589
84.31308691602229 53.56573628301109 84.7981367888406 53.068014919173756
84.20537770414862 53.14758321737977 84.52774259632902 53.17549746249817
84.76900638638146 53.27865674642935 85.13136598094061 53.037195770372264
84.94322035432411 52.76256448644503 84.700687111152 52.938325050953594
85.18147293203812 52.44762774575384 84.58936397804989 52.530004857711354
84.92066134747759 52.56346865367026 85.17399587934827 52.53071313979163
85.320708024921 52.270104554422915 85.09690147004915 52.201495556370126
85.1850985943086 52.0218593919984 85.09184725106023 52.15641586020962
85.51303344653188 52.211302408303624 85.80501970590441 51.63430793442683
85.05722982972637 51.66353055363522 85.30662839909844 51.59155389743366
85.38945679490098 51.514637264571725 85.46422624035426 51.47473815551914
85.60065338385071 51.66960172046934 86.12880208586466 51.55259020387131
86.13810141991057 51.50318219699552 86.260414000086 51.00573496351696
85.63086307700557 50.8355539714777 85.5487921137734 51.19495143073639
86.35940616819177 50.6694902183088 85.67742892486211 50.951216910605744
86.36007784034223 50.74748147829692 86.22093612082884 50.808072711023385
86.53104471756912 50.48396203087655 86.18562995422226 50.671541853897295
86.71395125647301 50.50261100963545 86.63299891445408 50.32987703594875
86.5448610815128 50.13581467096551 86.41927900571712 50.32781335485326
86.95989871562159 50.09392264872184 86.7652191780115 49.93645172683352
86.70202502501861 49.634832154969224 86.38738544674717
49.700261858201664 86.71134970425767 49.66990147975128 86.86910719528647
49.62401022057372 87.00015136837551 49.302550429353964 86.64728052650263
49.289921524291664 86.83651672901422 49.29983028102304 87.06622872541861
49.27632109291612 87.23765039983721 49.01304308782816 86.98413843586427
48.8459881499694 86.90031733613732 48.840413472880655 87.10382274320762
48.58370083764657 86.8590876413488 48.87929959782653 87.60276273432748
48.62423858476235 87.36051447587114 48.688378567983264 87.69172466309146
48.39540418182428 87.37953911058551 48.5550168734798 87.88474012290159
48.198245372320216 87.45522103468385 48.3602466776661 87.96696214352124
47.99224197275329 87.51452313370963 48.18161783474128 88.0785013009944
48.03694194295881 88.03285457070707 47.59642642535218 87.44321797211113
47.917406327478474 88.25288390818523 47.44726415284706 87.60564129921951
47.33063723453881 87.60926298376381 47.34583099975794 87.85726698226789
47.4966093028098 88.35849810227359 47.05514470166369 87.75747400278873
46.93613384886511 87.75606010282293 46.846460442756715 87.80938125594116
46.84347644870551 88.02562583195952 46.75972090044791 88.09055151032177
46.984681984741066 88.73862236022997 46.64207637741174 88.31506711793105
46.39522326021392 88.07087440517044 46.665544717847304 88.80942835898205
46.51988036805267 88.7578172385385 46.26110226904171 88.48932713054525
46.26759176368157 88.72792305267662 46.32479781825747 89.06500152329417
45.95540115279444 88.58126269364998 45.936217030422256 88.77157630483856
45.968900784278354 89.06311366429618 45.58591140138842 88.54847959285622
45.65272135506012 88.90691064579971 45.74650350541009 89.31960980680105
45.31036735593065 88.69686057441517 45.34931336689062 89.00303883130466
45.121226011060116 88.78511791895708 44.98980114200672 88.75651549657844
45.31419294839018 89.62910033371925 44.869298916889974 88.98041564996063
45.076322043012794 89.624290377946 44.70396552419866 89.11630671147911
44.76067931110961 89.4629973854029 44.48600415563289 89.14717862336732
44.39608590019045 89.20066886645465 44.39788490348489 89.43895917256603
44.35249607361285 89.58295100761842 44.06677622257897 89.24075748356799
44.066031512763814 89.47514581046079 44.15830025916217 89.8998933678557
44.11557067492117 90.0510836520207 44.07491104409928 90.20706852848298
43.89281462374819 90.07339264802737 43.76092438303651 90.04206255257913
43.611383287244564 89.9739051448039 43.488281228260185 89.95983049530604
43.29752704064013 89.80511639077643 43.46167396187971 90.38741760918383
43.24929928993048 90.18744752081724 43.06416460882269 90.0431126515462
43.24749254340346 90.67025366848604 43.031725143601825 90.4615586427119
42.65490487316282 89.9120074971683 42.73721249941409 90.32964958997427
42.64543713861911 90.38037550648313 42.59972787683534 90.52902988533552
42.60113122197082 90.77864356241795 42.38518751465662 90.56496848085344
42.12303906785344 90.25088559777244 42.28373960793016 90.84329774566733
42.07067335311493 90.63350724715505 42.07232785290242 90.8861683424505
41.8513250105519 90.65766191422864 41.98204681060541 91.19165413458626
41.67155551319071 90.76732282399715 41.779833592927346 91.25507118979523
41.676856622740125 91.28258260116185 41.42203412166657 90.97650127374992
41.53045293145635 91.46849240754975 41.31175419640061 91.24051894665718
41.22438598898987 91.30189428870942 40.98269405035899 91.0206258668023
40.92027475948417 91.13681110840577 41.012177601343815 91.59807715701983
40.84044791817088 91.47123538607607 40.56357519742406 91.1072815744434
40.38774195767748 90.96860988216879 40.48246521704223 91.44003461343274
40.47103506574563 91.67343903279112 40.4188028722471 91.8152435842928
40.38288966879526 91.99479043847107 40.02056701305176 91.42941835530476
40.07978211101562 91.82635451991943 39.786991853137756 91.41653952922114
39.67813351571488 91.42795633123733 39.5805703302061 91.46530137600982
39.42845329177385 91.37619317697248 39.48070919584204 91.76133704853311
39.26289722760277 91.51896141995391 39.515281211899115 92.3741103501979
39.14275100669577 91.76889546408013 39.014653677993614 91.73465123133559
39.14648759896165 92.31292344124306 39.026835819743766 92.29956477761355
38.83049207347623 92.10397906159885 38.63654349911474 91.91270493834043
38.65421518924448 92.224972350778 38.72254537755116 92.6600630571468
38.55817709903187 92.53901065495899 38.31481238732209 92.22685232419711
38.30970180862763 92.4878016768579 38.266007919193505 92.65663813657657
37.97886901478649 92.2350136879092 37.884577588990865 92.280379913947
37.95493665139829 92.72803923770093 37.70385447073006 92.39047505259845
37.78440276980596 92.86572127186284 37.7431186669114 93.04325156243323
37.63159916532533 93.04794997825535 37.37055496486827 92.68160683787184
37.393797629196335 93.01999350146569 37.15078001645541 92.6958438600275
37.05919475138077 92.74847703277229 36.91203984473677 92.66169591396365
36.97439416707448 93.10169351175729 36.78643575735787 92.91193080546113
36.624606164967055 92.7869632247925 36.55039182745375 92.88364312733081
36.35972727326157 92.6838422392811 36.370840754247894 92.99850823648424
36.37268587656807 93.29111510730075 36.37284775324526 93.58097122923995
36.16629544392823 93.33890054471155 36.021086184204634 93.25389323545438
35.97725649058294 93.43139720070218 35.8093338136494 93.286503931908
35.6558643478602 93.1782353676369 35.67420065724493 93.5194368195715
35.694222133396124 93.86698685280102 35.46538876080855 93.56000315426851
35.26132638058118 93.31639255906235 35.28819792432784 93.68408918964394
35.058968126030635 93.37182305020417 35.12441438195637 93.8446377905855
34.914967294269836 93.583439822781 34.91950296376258 93.89571384571269
34.62674323393779 93.40778819772356 34.52077225034543 93.42198099240336
34.449201411503005 93.52942812354554 34.57371864436584 94.17143975427194
34.52281797971766 94.33803393777933 34.13343778751957 93.57752874226551
34.168632677532145 93.97960503325879 33.98624319372349 93.78366284971412
33.84164789738072 93.69083532143476 34.027511901607625 94.51505027957869
33.83701686303073 94.29564213538333 33.82060015086217 94.56126668805872
33.51317702773684 94.01207766873499 33.39160782278742 93.9821005117441
33.436911278987225 94.4229246154227 33.145512647100645 93.91246772580814
33.307053943066485 94.6859876565887 32.935883401799195 93.94498053254723
32.93696685887399 94.26412800121274 33.05075269379938 94.90883363248953
32.76468823081661 94.40557054137327 32.83582956266004 94.93137480538589
32.55091738670999 94.42763889230243 32.51392638756237 94.64188620436938
32.38858226249917 94.59930757100317 32.362162871265355 94.84613021842107
32.12134457242731 94.46390306768139 32.21672546547262 95.07092569675687
31.83963807090949 94.28284915891284 31.89923480190747 94.78665825825833
31.88729364391989 95.08042854291004 31.715011519161983 94.89624896094368
31.58164698486144 94.82740397029053 31.640676169165637 95.33755225431165
31.332777221760285 94.74156596521937 31.186112092574962
94.63039050452052 31.081451526500313 94.64610616252227
31.216907682087353 95.3954730414854 31.14767245283271 95.52219827051654
30.962392612139002 95.29244601393688 30.704316416477145
94.83597366922739 30.620921026879703 94.91746492741505 30.48518038768124
94.83647067971842 30.583720762675252 95.48611574049676
30.377619282928215 95.18566071380026 30.196616447680587
94.96172407004333 30.09396028305756 94.98320672133214 30.245837265298608
95.81091064812665 29.91058246197495 95.09568944314782 29.928991034034958
95.50352652898619 29.93337597215733 95.86922286290458 29.77445244646311
95.71242123554123 29.639474656945218 95.6314870788478 29.635490495897262
95.97394073089349 29.42007171824117 95.63143769802744 29.411755606260662
95.96185697356186 29.297156825369132 95.94645494681512
29.190776056767746 95.95772082973897 29.093908076632477
96.00023001242951 28.76484269022931 95.27375548957224 28.898015460778716
96.07835343796859 28.650553397405854 95.61852065429365
28.510487373474884 95.51473640894757 28.602492417286527 96.1903836413913
28.320059377483844 95.60691818281008 28.41008544717378 96.28097237354463
28.10712625762056 95.62304493597107 28.22843908533767 96.40879533955227
27.909287146782564 95.69025639704174 27.8674466159508 95.92038040622685
27.8957599380087 96.3944998258348 27.60310189948773 95.75863251384115
27.54247565885404 95.92563943119703 27.526294060317543 96.24914786441504
27.500308836690493 96.54058425133415 27.176511772671194
95.78446949988835 27.32581446414905 96.69620133338586 27.036382352235925
96.05626939706916 27.112632186061607 96.71539953460385
26.828634799903252 96.08937228364684 26.786808797992215
96.32891469804882 26.726322530867233 96.50280210424134 26.50917140230976
96.10988864281722 26.421181472348593 96.18372245496701
26.403821540902246 96.51611616364437 26.305672780761615
96.55449397176577 26.095516319951678 96.18013527636418
26.133030101047616 96.71906816313987 26.026932270441932
96.72854414954449 25.988472541443304 96.99029993577508
25.766315122712683 96.56557678456731 25.63752560413095 96.48843556422261
25.64210763172144 96.91449159430303 25.5846932952235 97.10863135497382
25.249808426233937 96.24654508620691 25.152356209855643
96.28576087945113 25.281233073542282 97.19522320792986 25.15978438848826
97.14576405238601 25.03676365611755 97.0895517033669 24.832236186092878
96.71517445771595 24.661781290630906 96.47058394636947 24.55087745585948
96.4575921701982 24.477574167775153 96.59263791334448 24.518361265411425
97.18085835828754 24.39187835396836 97.10813813281192 24.35311460625494
97.38532191317577 24.093060823162105 96.77588787347689
24.142657013131085 97.41012540702486 23.852000354416795
96.67082379323516 23.917470408979533 97.37449680505541
23.694264404680403 96.90371918445865 23.733309890265012
97.50585544413899 23.463488858085967 96.83852331694709
23.469364280829968 97.30791383459811 23.29590034026143 97.03440833134017
23.345585531444012 97.69193127752699 23.15111441052821 97.32889664113696
23.098714164489277 97.56230866713703 22.96351767399574 97.44633622052663
22.7522999993487 97.00492606169071 22.654152997945502 97.04347252606938
22.65886556257772 97.52487252757939 22.507487122984504 97.33561230667074
22.48124397389799 97.6880637203516 22.3475578730673 97.57456161205283
22.139313736457048 97.13262431685915 22.18523284782052 97.80668325026718
21.929163564369265 97.1492410077775 22.00202055118188 97.94945834456168
21.919325566894894 98.06142557604957 21.629740745314813
97.24412662635753 21.66249748756728 97.87488062903383 21.534423760918536
97.7814173090719 21.322403635707072 97.3037062578212 21.33838176040959
97.86665568782897 21.259816571709553 97.99926547782836
21.028438632409422 97.42501305139274 20.93275431575346 97.47655229977876
20.848370962740734 97.58128970983003 20.851167693349026
98.09703134791417 20.747338574760782 98.1136547963671 20.554484192843127
97.70703795879832 20.551377251568947 98.20263528430573
20.447701451561894 98.22013035145666 20.33186026200556 98.17883963553086
20.210463570601483 98.10991666025454 20.161650457397393
98.39426113554259 20.024512575360852 98.24806836373287
19.815697051529085 97.74650670761554 19.742891778499224
97.91383247906333 19.670830458822365 98.08646170812939
19.532755085200634 97.92978225085724 19.439559072265833
97.99740100865397 19.27956698558501 97.72695601002948 19.19521976762369
97.83885278957652 19.102366234693598 97.90817422775496
18.997608049854875 97.91668983893945 19.01309115777906 98.54830976907579
18.819002897950785 98.09446105588904 18.805763000650014 98.5832620323131
18.616926377245356 98.15165509274613 18.510641658022365
98.15258926838021 18.501374140441303 98.67071792016343 18.35581948266143
98.46358068452889 18.215667971386566 98.28294938131127
18.172902648079955 98.62850724150279 18.009309430634964
98.31828918222506 17.89643608475215 98.28269981781783 17.772591976567224
98.18585227450528 17.75862566989827 98.6982918818492 17.55982843503486
98.18324640713668 17.482955128368317 98.34757878387586 17.4427697879047
98.72134071623339 17.319739740792723 98.62771350332679
17.271540307502555 98.9614638029751 17.152153081982327 98.88871701472388
16.975236091081275 98.48107853127071 16.879377780490906
98.54130209287938 16.830729863359686 98.87942247107407
16.624986248395366 98.29282092750012 16.616568408636038
98.87261299214279 16.420135523400052 98.33371019131333
16.342630716640205 98.5044248396414 16.294681417619177 98.8564520344688
16.147949780017164 98.60965192442798 15.983966631124328
98.25332079629891 16.000484563302294 99.00894430160743
15.873839227828963 98.88265459780227 15.825165265398264
99.24341666781741 15.712917773402415 99.20745839178402
15.524852216502188 98.68882236892377 15.377042926547917
98.42049811944294 15.371990058525068 99.06826706570465 15.1682667602717
98.43554238758276 15.171619041583766 99.14697441865475
14.988939086654897 98.64391856622846 14.982879296926463
99.30410543220067 14.811943942025525 98.87292779251653
14.710325764083134 98.90135655175096 14.5556599783667 98.57073642516156
14.57475180353215 99.42033898466458 14.399445422325945 98.9463917806699
14.228705267897123 98.49681365275698 14.127490521128069 98.5251801190961
14.057216127053339 98.77114866946334 14.013002580352286
99.20511333217924 13.950128370280252 99.51235262555574
13.824842887686396 99.37546055338036 13.662388972568696
98.96698857484648 13.601884171993335 99.296176024814 13.476185225262094
99.15064360237383 13.34345472471113 98.95044231460327 13.218759428961066
98.80688826281957 13.14495152403437 99.04423086706906 13.010000258148299
98.82076296738511 12.988262085706268 99.46037996024636
12.891845145313074 99.53372198793312 12.702369508357187
98.88362575467535 12.656257254148661 99.3478023504249 12.517633427645057
99.08727155643412 12.459918176803514 99.46798875679248 12.340766096238
99.3603511488097 12.225743165542893 99.28416381751019 12.083558846600155
98.9839307870087 12.056709524160123 99.6312789293128 11.902101452900727
99.22477984358981 11.758745548396003 98.90543842232508 11.66192768674127
98.97508803796858 11.547628410941147 98.8960680690732 11.47896404872644
99.20978738740013 11.44266047184936 99.81136694441892 11.328232658493164
99.73613907887786 11.128317881855086 98.89952994915484
11.039124732669755 99.04014537799901 10.968031218875616
99.34718395170628 10.906163907887745 99.74433268713611
10.750644187609822 99.28413455471032 10.681782638035392
99.62283020053746 10.53389029112485 99.2236332723945 10.48297026854962
99.73879969776048 10.341549780558683 99.3944118322973 10.253715165656516
99.5630379177414 10.10457267651132 99.13346623243461 10.040589511593833
99.53890047078175 9.967031280095233 99.856775886326 9.82003771754422
99.43763072412318 9.74849819269424 99.78150559310825 9.578199047390298
99.11076189131728 9.519164725584986 99.58900894898159 9.392272609807398
99.3598656885924 9.297116121879613 99.46484223057152 9.171657220954557
99.2441015824634 9.094566183300463 99.54746100073021 8.968649284355024
99.3170045114574 8.900234037043754 99.72516691347916 8.77018129058255
99.44397668826089 8.646095127732918 99.22422647715231 8.597103955100042
99.87123407287056 8.485000750434237 99.79181499614467 8.338290918590092
99.29805821741506 8.275925812453906 99.80872796283344 8.164406527538322
99.73188890511724 8.06254350228116 99.7723161586132 7.917281465193903
99.26943794891025 7.83760317911849 99.58619063477322 7.7133817255269985
99.33766298750835 7.671727444313665 100.16005169961727
7.5202981964054105 99.55197524443987 7.41998375166074 99.61269336338445
7.335042733905089 99.88427619040404 7.20831795551546 99.5862740651704
7.1372671792717295 100.05976603653953 6.994159623383391 99.5219002685329
6.8979910902066965 99.64552009894533 6.795818009681765 99.68465507935542
6.719775209171634 100.11409390204707 6.561674405599944 99.31498474673988
6.4663307082695445 99.45503152278472 6.38083684621674 99.75344577186877
6.309835734657111 100.29196704193133 6.196812782560439
100.16929934587596 6.048867336556371 99.46789904964324 5.977119016425527
100.01662931164215 5.878543211569514 100.12783425165829
5.7544124540191826 99.79966458786957 5.629397523057724 99.44347044221418
5.543578269665764 99.77906726663934 5.456382202195719 100.1021161011384
5.328645210204291 99.67926364457068 5.250951038329018 100.1941145029241
5.1383758513091236 100.0506169746492 5.0040133023977775
99.46782437312643 4.916105917957758 99.80306362936592 4.821686674516307
100.0176010513766 4.7054620970566665 99.77908279990756
4.5947100610623135 99.64816827816381 4.481223623077254 99.45024812847463
4.406443934695462 100.12215177706925 4.272806561646326 99.4566391869364
4.175547622762918 99.62554817761395 4.094712054505301 100.20481385301548
3.982204424759107 100.01888592663192 3.8809265652369604
100.11235436011799 3.7680886053030953 99.9042989054016
3.6775022849229457 100.290952559937 3.5684283036904683
100.18111668447413 3.4470821720490576 99.70941056142114
3.3601321064930847 100.23402056464815 3.246393615888534 99.9673696928408
3.1424875610830836 99.99557557198015 3.0233619852791174
99.52449732129382 2.919025469396109 99.52375379392026 2.8272798349754873
99.96792125959699 2.712687844105054 99.6071513911033 2.6204038854054588
100.06918711957331 2.510752781609458 99.8786440995981 2.403424699975265
99.76772628443413 2.2946826184148534 99.58512699198731 2.200153399780052
100.03109698049825 2.084155620121081 99.49655015791708
1.9962127107128103 100.31532459476763 1.8905206854758598
100.28335859715062 1.7828729956498053 100.13755534667685
1.6675925538892218 99.51778548739243 1.5750698980309352
100.26381681238595 1.4681563880773303 100.13468787205387
1.3604378631979852 99.92632369745155 1.2507944116122167 99.5298173293625
1.150090671659206 99.8370105107407 1.046704824241651 99.949294325907
0.9424578031948744 99.99491785328287 0.8337478114206661
99.51898583573215 0.7310350686640887 99.72493781059458
0.6255715277238921 99.5614906974121 0.5254682225365253
100.35612094854488 0.41778850971651027 99.7390763890798
0.3143763016142017 100.06875557138498 0.2101984823606321
100.3622357480639 0.10463763025037977 99.921540001173
6.135968400443857e-15 100.20796861129196 -0.10463607383254242
99.920053732174 -0.2098992766804202 100.21937576793411
-0.3127487538961934 99.55069274687607 -0.4192057229342175
100.07740914379208 -0.525945619937223 100.44729630269839
-0.6266409268045018 99.73168860748089 -0.735794937851414
100.37426050254014 -0.8381312697580371 100.04221039142392
-0.9382561600554244 99.54912287004584 -1.0502140053121771
100.28438418461523 -1.14660426304079 99.53436253483967
-1.2623638159864485 100.45043281443957 -1.3635684384887041
100.15626942913512 -1.4678082744358998 100.11094499894409
-1.576105651849391 100.32974952511522 -1.6697099890046363
99.64414876066998 -1.7826612612168091 100.1256629861142
-1.8898128629052764 100.24581189098902 -1.9797042075319475
99.48572570168812 -2.099175568930823 100.21359502524435
-2.2029598302782283 100.15869277511939 -2.2933920991804193
99.5291207622752 -2.4055929109792507 99.85773013684357
-2.5252247355074315 100.45434360430049 -2.628986901134521
100.39695926638966 -2.7130108815594642 99.61901299939538
-2.839802083745082 100.41068718729443 -2.934651909000391
100.05653500606134 -3.0484745068818495 100.35116349661465
-3.1372840312585843 99.82999656818411 -3.247079934482182
99.98850374887331 -3.3478872308769287 99.86875126111441
-3.4537028809944297 99.90091948215293 -3.5589534774509133
99.91511759684084 -3.654459364807833 99.66253788360066
-3.7570892526937305 99.61267025067619 -3.878756996820474
100.05638818851703 -3.9868741404283243 100.13617266257309
-4.086854537289878 100.01252657141023 -4.171323653322614
99.52476731986906 -4.280052450277958 99.62529922825328
-4.386747649380372 99.674617552877 -4.488466464840617 99.61098601417477
-4.618264242205675 100.15900160062303 -4.700403698363288
99.67181971465689 -4.8233870910493755 100.05287326915168
-4.897091744716195 99.41705226721149 -5.027980945706417
99.94424383710266 -5.139248149371405 100.06760171104135
-5.228479884370706 99.76533934271481 -5.33874833065529 99.86825569927458
-5.438569109755507 99.77531930034766 -5.555264149434505
99.98940184239461 -5.638105507833556 99.59729724572576
-5.740919058746907 99.56564654813332 -5.8862566200875195
100.25921491210616 -5.959781914355697 99.7265232410938
-6.051688460496961 99.51428976309705 -6.163842397929805
99.63634467328845 -6.285487203779073 99.90495822600833 -6.38379259630725
99.7996538576538 -6.515403919890428 100.20979926184218
-6.583306883002391 99.6424056198978 -6.701631944836861 99.84378776638637
-6.785699929542923 99.53623772514355 -6.881482369236616
99.40704195861164 -7.001403915550886 99.62498137640473
-7.124917704001009 99.88663455985228 -7.210829343754801
99.62097006485186 -7.3064339780229455 99.4946990634995
-7.452837056162541 100.05374637062086 -7.543021649061763
99.85278307642132 -7.63716677692844 99.70883673438226 -7.749267508289748
99.79982211835168 -7.866459121176814 99.95284014242164
-7.970510727603477 99.93684367208233 -8.044749177815989
99.55211505633547 -8.173530105400904 99.84333750223699
-8.295665775710994 100.04679445441066 -8.399964347416807
100.03250749315964 -8.431734697629873 99.16535469951393
-8.602882780098406 99.93836579386559 -8.703014585338334
99.87744496121506 -8.796977387945308 99.74781424796322
-8.882964203450463 99.53166222242389 -9.010127927898994 99.7763306036456
-9.102910647047842 99.63879797741752 -9.193212229262155
99.47734268410464 -9.333836878736816 99.85769784725 -9.391860800017554
99.35550919606851 -9.515617582140854 99.55189891775684
-9.644473273596732 99.79653684969739 -9.695006670240566
99.23398898681766 -9.8148689701475 99.38529202546196 -9.885570193217166
99.04064104464196 -10.076980505315918 99.89966808287804
-10.172295964039531 99.79788267558959 -10.26170664650071
99.64063477872847 -10.321128783761472 99.19814212333134
-10.409629466332035 99.04100857609744 -10.602380973998295
99.86877900793891 -10.697169740528256 99.76633683710465
-10.757798382182381 99.35020482958672 -10.897472178083076
99.66484086979459 -11.003864598973978 99.6717586482223
-11.108915854328824 99.66629310280464 -11.151142590827199
99.10237758637501 -11.246475512101615 99.01633199431159
-11.421470577164026 99.62653297515533 -11.548121542030971
99.80749813706926 -11.653823567206379 99.80554342010393
-11.739053948725637 99.62966065880761 -11.773126270092469
99.02639788848292 -11.91805462278887 99.35777734627652
-12.058214847348143 99.64371824985271 -12.072572137340174
98.89393183200119 -12.179523295368288 98.90881639691543
-12.365612474376018 99.56039909051128 -12.416412636682495
99.1206824170389 -12.554854926525675 99.38191005888275
-12.574866990889998 98.70891333093876 -12.709337265056035
98.93786737040745 -12.808995966394795 98.89407056112576
-12.957561027064116 99.22528007254954 -12.998743880610865
98.73526229141085 -13.152220117209763 99.09899806946059
-13.225536387003912 98.85754431263297 -13.34241538947475 98.942734964185
-13.401719080041826 98.60276108949952 -13.620718411903937
99.43366932925713 -13.684904183689941 99.13008323173786
-13.749791279218984 98.83597607479994 -13.843027670850887
98.74835660450401 -13.956609962456016 98.80588154602798
-14.041258500040504 98.65902453792481 -14.147891971931648
98.66745992541492 -14.249211070655221 98.63876305679888
-14.441716544392929 99.23685956483638 -14.549134608784534
99.24559362913625 -14.593439766316646 98.82658064835366
-14.704965287940885 98.86531667263931 -14.827701054245855
98.97810992288903 -14.866216014367174 98.53088002727401
-15.036798767092082 98.95888858461062 -15.080709944176368
98.55288080673577 -15.292696735132306 99.24303953002219
-15.343054408254234 98.88178472231023 -15.48541690978644
99.11414393057025 -15.611705694263275 99.24093502799161
-15.674565521520405 98.96531180337254 -15.725307393213157
98.61718393971466 -15.882093159431443 98.93407068284692
-15.993037232052284 98.96286117193661 -16.053749783869005
98.68227730321817 -16.117267948874225 98.42228914892861
-16.29124952515721 98.83563145480497 -16.3715987371219 98.67902819731184
-16.536717508494764 99.03187368207718 -16.561808773502875
98.54677987913391 -16.747102778630467 99.01481720823968
-16.757972256050973 98.4519763502302 -16.810495626663773
98.13917014125424 -16.92676125369241 98.19985391430116
-17.153564569231538 98.89685477809905 -17.218663503599117
98.65849337750397 -17.212443769993424 98.01671377547703
-17.420732827590818 98.59661750461352 -17.55020891032669
98.72590421977046 -17.526501133029576 97.99690160787087
-17.723371862250765 98.50235945656958 -17.723208738629907
97.91303133137319 -17.97233124358417 98.6994968313566 -18.0934851782477
98.77783015062246 -18.131360870554143 98.40305049500108
-18.264885146024852 98.54850149234356 -18.297257107148265
98.14944264281075 -18.389700638893057 98.0751456947287
-18.616336079253177 98.71303343377912 -18.724967219318593
98.7212650945382 -18.664670622222506 97.84362988270028
-18.794380216536545 97.96611479460323 -19.01948904522871
98.58147118344166 -19.039395945054114 98.13207128919923
-19.187812037269286 98.34612219832721 -19.21999734267121
97.96514514501229 -19.410570408146015 98.39100441543991
-19.446530617475467 98.03254549464874 -19.5270605174564 97.9012318606655
-19.611715101654834 97.79168939389932 -19.824072525581546
98.31644412073791 -19.869054466689594 98.0097071857682
-19.951493942354368 97.88981047253837 -20.09483136051094
98.06816602335037 -20.166173630414498 97.89491504361897
-20.220717752487325 97.64215275700303 -20.28006113166206
97.41487338349255 -20.48051220823506 97.86401398804237
-20.518323765429926 97.53514708473315 -20.60611979466948
97.44583465207647 -20.842826081078613 98.05778714766535
-20.84559128159914 97.56827934699342 -20.947780829856086
97.54652554676348 -21.11087301002883 97.80693252985931
-21.205182487669134 97.74742416546546 -21.328080295136978
97.81940890190886 -21.32436447139975 97.31265443193523
-21.573214330534277 97.95755375541304 -21.59218509744001
97.55719718582051 -21.732937263753485 97.70808296428196
-21.885690843698534 97.91095247433728 -21.824821970719306
97.16059875162767 -22.017435786470056 97.5402992145345
-22.045322026166456 97.1898669422901 -22.21075762471063
97.44607271187634 -22.389762451630233 97.75883647889472
-22.38191027321042 97.25642760210063 -22.49037354981667
97.26160315078671 -22.617263336576922 97.3458144994365
-22.71380437645134 97.29900081316522 -22.858452162342175
97.45750811813198 -22.97904830762532 97.51224090324433
-23.12460791282964 97.67167639428163 -23.25243341472361
97.75484878807275 -23.186944156070876 97.028080618487 -23.2408260387691
96.80500735599635 -23.558724423627964 97.67841594840019
-23.467428456494062 96.85478282952899 -23.76767705304734
97.64704938724148 -23.71374600575686 96.98339414577987
-23.755273172612945 96.71414794690712 -23.958764593523718
97.10353328479836 -24.085088444796785 97.17784933824356
-24.058396928907303 96.63665155276696 -24.378096404779207
97.48522127022278 -24.340490538790267 96.90355466522323
-24.572480388996482 97.39536465528931 -24.621072130466246
97.158905087392 -24.744360920752225 97.21776659499652
-24.657108323703046 96.45230449433075 -24.923511479910125
97.07066825614226 -24.855981084664027 96.38849868152735
-25.053656007327533 96.735986189575 -25.291537901864455
97.23484074106119 -25.370664146353825 97.12146571745423
-25.25616388864528 96.27077066800905 -25.493276592497494
96.76165237100588 -25.604582462884462 96.77266500531681
-25.777374909550222 97.01476719633908 -25.738799637994777
96.46245576630615 -25.945420336161238 96.82962691828457
-25.909445637054276 96.2919075576275 -26.211733204766073
97.01035052969904 -26.227765298259193 96.66756478217756
-26.368369234311288 96.7846201653349 -26.311104288130572
96.17719896845658 -26.520561786721135 96.5455067523536
-26.541924658447577 96.22863666976687 -26.741101238872375
96.5561647295083 -26.764627455096964 96.24914764913467
-26.912179567972604 96.38859601907875 -26.963246832474407
96.18251640995354 -27.129950370242646 96.38870273180714
-27.133198903539224 96.01460433824019 -27.287841533996723
96.1768547411333 -27.531915786284518 96.65154130997415
-27.370140945323595 95.7031388658334 -27.535049166751858
95.89977425435326 -27.76772502432425 96.32973084083007
-27.79666001610221 96.05205755409959 -27.773908784121225
95.59842107729682 -27.86094082443967 95.52449537432149
-28.051090010838195 95.80309374282614 -28.289339635023477
96.24295171034687 -28.30240938869183 95.91606127071572
-28.268113954627378 95.43155337418419 -28.370497493819997
95.41018307825392 -28.5360802368546 95.60047663385657
-28.806277127307347 96.13823392047095 -28.723626639885918
95.49855615769832 -28.914489007401247 95.7694080048908
-28.986065422325915 95.6443850846423 -29.21832132723168
96.04826934301654 -29.1445720458145 95.4467488229625 -29.39583924885286
95.90992660824973 -29.451326295240328 95.73303228833637
-29.398616790934785 95.20682999507076 -29.48273128188665
95.12575604885822 -29.59885495033029 95.14794867141978
-29.79652297420752 95.43091645295905 -29.990237657059797
95.69896474072587 -30.09173376052263 95.6716296693475
-30.097361525946575 95.34057829555553 -30.20525819173238
95.33448758193941 -30.30592148795799 95.30546440572874
-30.451089490558328 95.41587329862858 -30.483729306919663
95.173930189516 -30.49074368703245 94.85377757011878 -30.786312663292883
95.4301390835828 -30.948674713789963 95.59071957320666
-30.859945806747266 94.97714716754659 -31.004684273316183
95.0836889323051 -31.021968051297417 94.79975874194227
-31.10973144090851 94.73222130997813 -31.190480110262165
94.64364471261938 -31.338918534550547 94.76013557961117
-31.59688241269255 95.20559585983253 -31.640587583119267
95.00437966519094 -31.83158617809745 95.24505847817167
-31.715473409576816 94.56810091498045 -31.843640268710228
94.62146244550875 -32.01857106195912 94.8127016706504 -32.25126492285457
95.17285095883489 -32.13020382801985 94.48995676725995
-32.393861295914995 94.93903108305115 -32.504384433220366
94.93753803372175 -32.44853106052769 94.45153278393853
-32.650712727166585 94.71713728830213 -32.56951926153952
94.16144746239111 -32.89891801328609 94.79232957623448
-32.78884589728193 94.15673976012955 -33.01013023820913
94.47351832498484 -33.092523065510775 94.39177316836307
-33.221155738742986 94.44179444970229 -33.241418640495134
94.18420190006177 -33.3723405197117 94.24058241627165 -33.60003222280392
94.56871985081298 -33.49543420371986 93.96230501518545
-33.68580078478012 94.18437216967043 -33.838766001160046
94.30051656340268 -33.878415500493354 94.10091909394967
-33.86355630481796 93.75148889834044 -33.93614697837506
93.64542437058888 -34.08764981108572 93.75686454858906
-34.289108828782624 94.00430413561482 -34.44971944231396
94.13828279618824 -34.456384938047286 93.85184774944943
-34.64098711565683 94.05012545459573 -34.6839494003631 93.86357982156031
-34.729952175553386 93.68620072105591 -34.74697478345386
93.43179954929789 -34.816531042907755 93.31959873342579
-34.95900785432874 93.40270826815653 -35.185270064003944
93.70820038341468 -35.08328353499269 93.14007677031097
-35.172694966892635 93.08183632871643 -35.40945776201075
93.41245354021423 -35.506737414109736 93.37394835445286
-35.499824889678806 93.06231309213479 -35.781747208119384
93.50720068642848 -35.9453009838079 93.6407105200453 -35.86916818489582
93.15069649124013 -36.080698389329164 93.4082214582011
-36.04408784259579 93.02350404068582 -36.298286583588414
93.38913838954018 -36.50649871573407 93.63432729195587
-36.299231291344036 92.81540624907973 -36.476157494354624
92.98063215089329 -36.65332158434532 93.14521325909392
-36.71351828604958 93.01221849912807 -36.868350024158815
93.1188226266528 -37.02961627387042 93.24074302907346
-37.033031194068386 92.96542509466309 -37.13307515759498
92.93337838329815 -37.34603071869578 93.18301878880204
-37.150791198830575 92.4154960177497 -37.32320573721681
92.56417742036938 -37.54232906646655 92.82722059450865
-37.601880439545404 92.69507514291112 -37.57674277768114
92.3553388512258 -37.70442081794883 92.39186284409412
-37.858702996582956 92.49292995003013 -37.936561069800554
92.40700282130555 -38.00302442091057 92.29367720981729
-38.349730622051396 92.85936281585077 -38.079067778087 91.93100187238197
-38.222409892243746 92.00443204501563 -38.36454697225997
92.0743014359925 -38.422876421563096 91.94297836946974
-38.58862559533022 92.06848234171625 -38.81028907328703
92.32602932626372 -38.71472829534166 91.82939318776494
-38.80882313418258 91.78395864222927 -38.88787869136473
91.70308726557433 -39.100376018482244 91.93620906323032
-39.04176298149607 91.53213235241003 -39.358076433169835
92.00661577259274 -39.27643893060254 91.55052614599069
-39.54803450695629 91.91781500171292 -39.7663347506125 92.159239907852
-39.60918598522372 91.5314282531221 -39.99108647706493 92.14907517299719
-39.78624267295505 91.41481817617093 -39.86840516048754
91.34207107888759 -40.03991459907844 91.47361909180165
-40.324471464236076 91.86171005392482 -40.14117501609708
91.1845848950989 -40.2637068576073 91.20380711411963 -40.4046619856423
91.26429605269784 -40.636536414310264 91.52898995714283
-40.666253312209264 91.33790039612612 -40.69548359177585
91.14655564581389 -40.896440643590196 91.339586059832
-40.888399178266944 91.06581845643944 -41.18021521164698
91.4593110274284 -41.25322127144488 91.36575736022239 -41.18685794499606
90.9646749643739 -41.397022221523784 91.1746187554 -41.425985730991776
90.98518031615886 -41.363381536563494 90.59599494158034
-41.800761298808425 91.3007812639096 -41.79544819196756
91.03718092340286 -41.62531723806604 90.41678100976358
-42.09965907837572 91.1955991469657 -42.11399884953096 90.97618754052813
-42.08359841073468 90.66135190021346 -42.02625921264222 90.2901213135519
-42.45426918636347 90.96056401114694 -42.22964437774809
90.23261748472632 -42.48281340220299 90.5265204173347 -42.78771386735751
90.92852045023332 -42.72131154614755 90.54117951985187
-42.57367370349859 89.98399292999406 -42.85251756484033
90.32855405537723 -42.926658551970256 90.24068700420456
-43.032990039664355 90.22053981728342 -43.02419583202427
89.95954170329972 -43.10236720812727 89.88105112516891 -43.2978837518999
90.04678245273023 -43.2853902678536 89.77994302945078
-43.628277351724854 90.24942638599622 -43.45429323279631
89.64981531795691 -43.58158830663605 89.67306234436047 -43.8525256203226
89.99071471415462 -43.74597128812588 89.53383538051042 -44.0576362223173
89.93282472081005 -44.263700818186166 90.11447361577193
-44.37234684333804 90.09711261632509 -44.394926975073325
89.90530397940168 -44.54673185999197 89.97526748302597
-44.44098801778013 89.52578983326183 -44.73364484708404
89.87889270610704 -44.59368979473494 89.36297392992304
-44.624511954003076 89.19084021307476 -44.91033708826751
89.52770358386918 -44.91350199497885 89.3005587467269 -44.95372968148062
89.14785050426578 -45.195178495441596 89.39369597913567
-45.165190228287074 89.10252556462119 -45.23956103261675
89.01796595460829 -45.42129372614414 89.1443082405657 -45.33040104519789
88.73607732429869 -45.690253190159886 89.20978160519735
-45.88554478623558 89.36032528083919 -45.746490855454525
88.86039759721963 -45.800263726892865 88.73638535116073
-46.168085685879234 89.2196616582095 -45.917252495354816
88.5077293077737 -46.346550653992075 89.10682396913495
-46.30753587622371 88.8045243627718 -46.17663068450557 88.32774789203555
-46.640511154135226 88.9879752952606 -46.56328159295199
88.61481090151811 -46.656772328469145 88.5673663610751
-46.625145971736764 88.28301001349557 -46.769817990138726
88.33281489127619 -46.797520712859836 88.16176250684259
-47.17819042787023 88.65460151276636 -47.134943037327034
88.35011534540948 -47.12218426360493 88.10391686134156
-47.28095164322545 88.1786021691007 -47.414503989566114
88.20575662723111 -47.284369941781534 87.74321680159474
-47.728394539274156 88.34551388487878 -47.6577982692868
87.99436711124213 -47.71598227840502 87.88190695885478
-47.92113566894091 88.03976740443504 -48.116964968595035
88.17950535848011 -48.152472314571355 88.02522177549142
-47.87329928694262 87.29762948588069 -48.354462123500184
87.95644007855489 -48.268226146059675 87.582200429645 -48.55249758116551
87.88018019553279 -48.21719779957036 87.05778146001587
-48.60598474297468 87.54332669156109 -48.87025389909874
87.80251675816717 -48.652764017601555 87.19675972592482
-49.02837324182188 87.65408346628661 -48.770219543052 86.97863625958293
-49.03082992891385 87.22916336537392 -49.311239433556196
87.5133516938821 -49.21428566115356 87.12782431727923 -49.16881656361083
86.83485124964729 -49.211866611645405 86.6990034906447
-49.48847033310586 86.97402739690912 -49.53134330408303
86.83768896911168 -49.645560536796374 86.82653662599218
-49.728836195645485 86.76120294997556 -49.62421498837215
86.36890670463502 -50.071641893845126 86.93674857541217
-49.77185727888164 86.20738559408989 -50.27685895623929
86.87185615928519 -50.38131626105639 86.84245095474493
-50.43295275368122 86.72210517979785 -50.368230411557846
86.40248025463355 -50.54257874030538 86.49325733762335
-50.41661319044225 86.07065280096386 -50.88437075350031
86.66098763752566 -50.527045085831716 85.84641049788581
-51.02896147055577 86.4918514594243 -50.65295168458338 85.64946379157031
-51.01249493428919 86.05162514204848 -51.06555497622208 85.9358501195124
-51.16136605997571 85.89214399219907 -51.505405266915076
86.26413732209127 -51.28187637743604 85.68577157683116
-51.391021702892594 85.66443304875169 -51.583708770635376
85.78186762966988 -51.838034039056005 86.00075054815395
-51.749477149377235 85.65083641385094 -51.96894557310072
85.8109285368136 -51.86609487940126 85.43905261846709
-51.806282067055754 85.13940178872839 -51.952673060490646
85.17898701025923 -52.127025432341284 85.26386672028806
-52.22904670729289 85.23005798642427 -52.31987661814292
85.17793150506536 -52.58146400078801 85.40313788612549 -52.7349334000444
85.4518378478331 -52.69265602241311 85.1836052499734 -52.468925952390556
84.62371446882914 -52.74953687697017 84.87769953693017
-52.918479249449376 84.95097986484548 -52.88625247061877
84.70147284513304 -52.81765883230169 84.39475990750243 -53.3227102075661
85.00368361033446 -53.20389095753397 84.61729636110645
-53.22255098251919 84.45058694370158 -53.48752902636279
84.67432948015164 -53.58107384937632 84.62601551536454
-53.65792481455963 84.55136019690116 -53.73953757271316
84.48427620748944 -53.57562987528339 84.0321488746663 -53.88778358331351
84.32681634299527 -53.87947569556789 84.11954499721749
-54.215559275059114 84.44941251111987 -53.906176505133224
83.77439789367521 -54.16606343501326 83.98488056300593
-54.28123155967074 83.97026487448612 -54.28704471989246
83.78667708814888 -54.22856843521046 83.50467257120206
-54.32552788307326 83.46250054218915 -54.36645911191627
83.33437967684354 -54.84320524204548 83.8730865129794 -54.58894436531753
83.29367823378605 -54.6819472869702 83.2453088981758 -54.828741081100844
83.27860126089504 -55.26181954953856 83.74532482284054
-55.317094156378374 83.63843128821661 -55.246187076571964
83.34140926642509 -55.13221682216524 82.98065718821313
-55.69780837011434 83.64178147652686 -55.48210578407639
83.12903126255429 -55.393168522678955 82.80784146057717
-55.75944985197433 83.16681322937185 -55.86370179278306
83.13395856350304 -56.02698548494096 83.18863823656143
-55.89404170182143 82.80396190112904 -56.183776447722025
83.04551849961585 -55.97382432727789 82.54879687744165
-55.93987149001689 82.31302127027126 -56.031999331354434
82.2631469864387 -56.607568707544296 82.92140082535542
-56.38048359445829 82.40330907912767 -56.36413960717946 82.1945948939712
-56.6486652567599 82.42431941082874 -56.85518360436768 82.5395028485574
-57.06651211129156 82.66087224183424 -57.03518200233481
82.43072700928928 -57.06644176645846 82.29159944100202
-56.79153657092802 81.71231241253966 -57.436910400312414
82.4564969630393 -57.46797215453917 82.31715670713922 -57.28714507127456
81.87533533770228 -57.44134675525143 81.91297309456155
-57.764799982881264 82.19099671727902 -57.79333170145518
82.04881846933142 -57.512598391263346 81.46891628638005
-57.60275966817628 81.41554022227038 -57.93137129415384 81.698410838041
-57.89589804694842 81.4674427720171 -58.089952648086246
81.55949040470482 -58.10153978956245 81.39524077454813
-57.970307051801804 81.03181223898271 -58.157424548782195
81.11373224449507 -58.25997664277376 81.07733676383813
-58.483954595714785 81.20944182482947 -58.24464580974833
80.69880431628995 -58.87940092163229 81.39850663095099 -58.573180071279
80.79685988149954 -58.682058058882774 80.768923768286
-58.793882953716526 80.7448875153764 -59.19005423106047
81.11033687396258 -58.90468598196432 80.5420223054814
-59.078823391771735 80.60284579644976 -59.07070831020567
80.4150248415212 -58.99030028793929 80.12955639008922 -59.47230374088645
80.60734622782414 -59.33067435768241 80.23936665163852
-59.45266617752943 80.22846803747888 -59.88787151657452
80.63908740519918 -59.8524887251986 80.4153770727369 -59.7486972994874
80.10065896993116 -59.948149438789514 80.19268953988525
-59.759603341975314 79.76615171508278 -60.19989253562953
80.17872895135321 -59.912936724250905 79.62274622431447
-60.42260001418274 80.12529086871538 -60.42466401908339 79.953722006003
-60.47433870650834 79.84548497808927 -60.53927871052583
79.75755425893364 -60.516819605555355 79.55483596881048
-60.476346248375286 79.32909205335514 -60.483630837009194
79.16656213409405 -60.88178345067043 79.51495705297529
-60.88379867723347 79.3453112311265 -60.89666149314169 79.19022984924497
-60.82322253953836 78.92355911564832 -61.1069084914118 79.12016485316143
-60.96679802450107 78.76810676580642 -61.337168860108 79.07540161414018
-61.187631456363334 78.71227891255086 -61.17272875811422
78.52326741252006 -61.28652842197528 78.49964463482684 -61.3918778955344
78.46504692092564 -61.56555891529804 78.51746779880644
-61.83332320576905 78.68911598556394 -62.06857637067745 78.8184626147789
-62.21594016464781 78.83560648400004 -62.194465716502386
78.63891697681343 -62.10412059153673 78.35589939443243
-62.49116168455917 78.674835163356 -62.07809495615776 77.98696852037187
-62.37747167599801 78.19487506208013 -62.5709105113894 78.26909402577817
-62.753236276375375 78.32884281438834 -62.33644651471371
77.64183861062901 -62.62278797989322 77.83139003130715
-62.73971538360455 77.80974257276972 -63.117408163722764
78.11061551121094 -63.14713488659461 77.98021731479106
-62.69859538132805 77.26074712734147 -63.15260861291493
77.65386874412341 -63.12205853336231 77.45047265749638
-63.54894879454798 77.80774098628706 -63.132730489348944
77.13312402348627 -63.410814672486374 77.30756353380225
-63.5639288625499 77.32894379493491 -63.28297084568989 76.82300302653636
-63.343748958748506 76.73290458288575 -64.01079023063502
77.37575357446575 -64.09925107721072 77.31768756904317
-64.02013431588895 77.05787813081582 -64.14881580264024
77.04847262567527 -64.21702343072455 76.96634155140706
-64.34140418310541 76.95145601283248 -64.00259433690282
76.38355518541324 -64.09221133651357 76.32799822914765
-64.67329495653962 76.85644124657408 -64.68680338968593
76.70929217847782 -64.53745669931747 76.36976685325456
-64.91163639796365 76.64958988729214 -64.65633650811391
76.18620720297127 -64.52096055795005 75.86551057132358
-64.77375636771903 76.00134158214232 -64.785193744185 75.85371598589582
-65.21109608786537 76.19067638989257 -64.83943727501007
75.59604886726792 -65.37828666550578 76.06296018369152
-65.18215789881388 75.67432272495502 -65.34716010418435
75.70541363048346 -65.1288159875996 75.29291213078781 -65.24208618132943
75.26442105470548 -65.75736140077804 75.69854182608137
-65.90445234183541 75.70758844514006 -65.86254930855752
75.49965776797173 -65.8312731121801 75.30446941017247 -66.17079952987588
75.53307975634645 -65.95657756229434 75.12967147946092 -66.1106943745783
75.1463539635735 -66.43432922439393 75.3549548522065 -66.14740675800516
74.87130267098718 -66.46561687480184 75.07289296288694
-66.40472289183091 74.84604570883036 -66.53348050640751
74.83317031535621 -66.46999466490318 74.60428653907283
-66.42643503748448 74.39839057101753 -66.70142690045019
74.54909840206273 -66.56545476451561 74.24052996750315
-67.00999705093825 74.57905183290941 -67.2472332619321 74.68561884833974
-66.85641151274652 74.09538019278969 -66.78317690279981
73.85856168370346 -67.33959293566396 74.31733949490646
-67.53830702406968 74.37995683916945 -67.19072512737132
73.84164276411005 -67.1395686957595 73.63037623854677 -67.70823080409075
74.0980136819556 -67.2212702643298 73.41057325995884 -67.58832855327152
73.65641481892995 -67.9367616233844 73.8806732388007 -67.66889014412654
73.43487342794499 -68.15140542780955 73.80326311393512 -68.0015781341905
73.48646258631655 -67.84251239255086 73.16072905833182
-68.35868288686419 73.56270389626145 -67.98185133844582
73.00372510097405 -68.11450918467143 72.99276871146417
-68.51638012345286 73.26944810364334 -68.62661835394165
73.23345804354526 -68.44409534120962 72.88555864726621
-68.33421875223978 72.61601457878412 -68.92468710463598
73.08996805139712 -68.90790120641404 72.9190322159319 -68.91878377052706
72.77772761769813 -68.93282870588634 72.64004486965999
-68.79862555290406 72.34674266090906 -68.76441093452715 72.1592914200802
-69.01549439523352 72.27107938941752 -69.42720423529218
72.54994830469741 -69.33849472369792 72.30551373919005
-69.34149924178043 72.15723627426212 -69.34104110393798
72.00567961506835 -69.34059783990195 71.85446858679236
-69.49075860742946 71.85932361775326 -69.73273473498807
71.95860009091913 -69.39047384867175 71.45553209933469 -69.9498592283368
71.88079986188667 -69.95834820610817 71.73906413884701
-69.94589886103539 71.57618838536274 -69.88416806137822
71.36336281687507 -69.94411836523088 71.27511771865558
-69.77785383003742 70.95689811429182 -69.84217162345318
70.87369124868712 -70.27258532622267 71.16125202944974
-70.29852571549502 71.03857179044245 -70.43795800614474
71.03054334472003 -70.62022679811896 71.06534661907254
-70.89137993495339 71.18895272291873 -70.91662821607102
71.06531140991129 -70.54028808622839 70.5402880862284 -70.8700578191326
70.7217831358147 -71.14909390322823 70.85168772678973 -71.24923331621048
70.80296171569623 -70.78205295498306 70.1915406930704 -71.26381672341782
70.52142415382183 -71.34024279276846 70.44934084034315
-71.00986150089983 69.97636000785214 -71.30693895452112
70.12207827097511 -71.55006238433305 70.21392868411306
-71.49784395332426 70.01586171999719 -71.23824547034901
69.61565326557155 -71.54044171440032 69.76465601207441
-71.54625137254456 69.62429774627907 -71.45094938109445
69.38602357056367 -71.76224516518252 69.54245357425123
-72.01416987250339 69.64050095356329 -71.8508220262812 69.33707885645005
-72.22045318479282 69.54786677388401 -72.35843007502199
69.53484200964658 -71.94206724489972 68.98996206659524
-72.44025350042212 69.32223098916408 -72.20340267205562
68.95086630129555 -72.28743295798955 68.88652379341438
-72.67485542351102 69.11064660959748 -72.71112694390897
69.00028307567719 -72.83274946501396 68.97088815633224
-72.77472605073025 68.77153303649997 -72.65953601085296
68.51878470099213 -72.60576149511213 68.32457024059136
-73.17749381059588 68.71824070722217 -72.69799007645362
68.12483465015278 -73.24796517744828 68.49629081780856
-72.90292972295117 68.03067432381833 -73.4778522363491 68.42336360905955
-73.21853086436475 68.03885756914863 -73.08935716759262
67.77632868382788 -73.45839968667931 67.97560979396579
-73.33873699038101 67.72245273869511 -73.20078927501329
67.45318588687398 -73.62385819614484 67.70060808593875
-73.99734118412852 67.90116815101955 -73.95454328514339
67.71937775014304 -73.76770639901952 67.40640730521396
-73.52552491881214 67.04396043265135 -73.98176514251588
67.31822668149769 -73.87720403542662 67.08179864924213
-74.26939551791112 67.29615047773254 -74.38653235003132
67.26056987668227 -73.98158217563314 66.75373133154552
-74.08823206182691 66.70934378334589 -74.43140787026422
66.87733752714055 -74.72758432711073 67.00215685913304
-74.69937698025592 66.8358858786661 -74.70427822886221 66.69954614212851
-74.5873807955823 66.45493219689028 -74.55956789093723 66.2902231180746
-75.15714578026271 66.68073632499835 -74.59321946274773
66.04093902069262 -74.66782234707006 65.96763566717024
-75.31049889252401 66.39513602379652 -74.88306612420395
65.87906448220139 -75.30448446388624 66.11004643736187
-75.36483882130312 66.02341195847828 -75.55538631115206
66.05062502005796 -75.63214028618064 65.97812117531848
-75.57865349803434 65.79221277310464 -75.74515830356334
65.79785592660468 -75.24849334156276 65.22827942882984
-76.00292392656905 65.74298040610607 -75.84348763667022
65.46634238925255 -76.09842940538192 65.54746263645924
-75.92585152749722 65.26043785963044 -76.22984855323325
65.38305318614356 -75.66532505370795 64.761451353272 -75.77147864768871
64.71495642199841 -76.10453654086275 64.861706461433 -75.9165488333953
64.56436681290403 -76.06291488563924 64.55170300749816 -76.2397804099556
64.5645842633805 -76.38088291145215 64.54685049681294 -76.34618742658583
64.38060729494363 -76.34788012504238 64.24535003894024 -76.7913041960601
64.48124687568328 -76.7186953737209 64.2834118697629 -76.68956704890677
64.12243102064535 -76.5364629099059 63.85835331288865 -76.63971268321231
63.8084915189397 -77.15812499726835 64.10341999686948 -76.97653538488869
63.816423173335195 -77.01133577388984 63.70931760760559
-76.73771980062757 63.34772396719469 -77.3907537807064
63.750655692783894 -77.04928685400974 63.334052531301616
-77.43487264839962 63.51523879740823 -77.53483466921888
63.46152684309209 -77.10860370709729 62.97793312705265
-77.73414276858625 63.353249393043264 -77.61577931154964
63.12163208764303 -77.29733370960186 62.72828610272044
-77.98275782467583 63.149192150935534 -77.7309431699916
62.81061331935521 -77.58704663059262 62.5601507228398 -77.64413721132519
62.472125199238164 -78.10947044165233 62.71189494747633
-78.13160859310986 62.59522186884733 -77.98144916056333
62.34095766289361 -78.31363242350268 62.47220657956518
-78.16890517378192 62.22291762410705 -78.36804433412996
62.24747874232364 -78.61436543279152 62.30897824921314
-78.12948502080552 61.791562808618174 -78.62974646375024
62.05347836250834 -78.58681067299672 61.88615329665482
-78.91591245296206 62.0115381862643 -78.69397153868846
61.703955525646236 -78.68219016985557 61.561773057103366
-78.86610198465323 61.57263033861523 -79.20547182457196
61.70419295759545 -78.58623863668272 61.0896530207873 -78.6405725880307
60.999880893745235 -79.20833294385834 61.30753467013588
-79.25007896648826 61.20724511039562 -79.12295192773468
60.976886585080756 -79.66292091168015 61.260157187935725
-79.50254127511592 61.00444553330771 -79.46039960098533
60.84001074399012 -79.61743069960552 60.82809657023403
-79.29416144968435 60.44971698504227 -79.90220675542079
60.78106218708464 -79.698314950526 60.49431362808781 -79.79650241034881
60.43723969717723 -80.01957430948669 60.47443159979193
-79.98567801843929 60.31731775788625 -79.92476784767663
60.14019593431228 -80.14598524052839 60.17530786213008
-80.19237693175151 60.0789248754179 -79.98639439430484 59.79393323421144
-80.00582684862714 59.67796010727294 -80.012081567962 59.552319273395526
-80.29747072868277 59.6341645825125 -80.01902936727984 59.29746332187742
-80.45873017056438 59.49287635466293 -80.47609442424222
59.37546582853169 -80.25087717733017 59.079615017646184
-80.31905254651548 59.00020965084052 -80.85884790252338
59.26646320849529 -80.53703529639888 58.901038715660604
-81.17671013373743 59.238489942179164 -80.67794936765478
58.745142361669345 -80.89089014570054 58.77067181906122
-80.61845795026056 58.44384870297026 -81.42054639118233
58.89534332564669 -81.13005137093825 58.555899888012576
-81.51134566250948 58.70137426931915 -81.54261438974747
58.59431253366324 -81.26847398422696 58.268372236725845
-81.15850521401266 58.0609434384364 -81.36107651425219 58.07715266188674
-81.59790797467174 58.1173151881066 -81.7534180241633 58.09913008024719
-81.69925982880713 57.931973303407084 -81.27071138504657
57.500291015621166 -81.69574325973589 57.67272582657947
-81.95502373744984 57.72726481405075 -81.98922617808253
57.622993272844475 -81.59718184177656 57.21989862355494
-82.0666048788544 57.42097396988615 -82.34007040483169 57.48396886523255
-81.71244235505472 56.9186225827872 -82.00908285950196
56.997797404751196 -81.91214355807098 56.803301941818795
-81.9783218125367 56.72215537171106 -82.63334712078574
57.047509618200486 -82.60035272477559 56.89709845441273
-82.16976718935699 56.473716361972656 -82.71064272888228
56.71801436315865 -82.6618249897206 56.557360618196476 -82.2136098691944
56.12438433315284 -82.39927963123004 56.124723528535704
-82.77656141688962 56.25489304835763 -82.53187449616537
55.962349776071996 -83.13797758637008 56.246328897927874
-82.97517676737714 56.00961456396866 -83.10809888440346
55.97274277572041 -83.07523640330584 55.82424213871911
-83.38029724917473 55.90258088025562 -82.7051563536848 55.32447873037747
-82.89412648092302 55.32532527375765 -83.46394522936181
55.57938562682739 -83.03768448238547 55.17010566582626
-83.49651818667724 55.34900722925384 -83.10027899395008
54.96116900721069 -83.1884671259535 54.894360594364095
-83.45134705599928 54.9424729921707 -83.32215451216477 54.73242542044102
-83.60758310605739 54.79467108998362 -83.91840535127555
54.872838470692976 -83.61540838665144 54.549799240207804
-84.09819769507452 54.73930153207638 -83.55037668195679 54.258249031775
-84.23130034477263 54.57512491897282 -83.76596738040115
54.149166719812776 -84.35766565562622 54.40649124581845
-84.12077596986518 54.12905984636958 -84.40516759926552
54.18715454647747 -84.01279901891073 53.81110374533964
-83.91464171452174 53.62438958670667 -84.19223386542464
53.677693839234315 -84.19380496068612 53.55477194315334
-84.64539736967643 53.71760261908935 -84.48072867110983
53.489085291437675 -84.64603005646481 53.46965269648607
-84.24376104066859 53.09220491191088 -84.28066473977074
52.99223077876904 -84.35730536923799 52.91723790130153
-84.58972296522265 52.939674610044975 -84.95939431895764
53.04729453664309 -85.27517564593252 53.12043039517495
-84.81790888165331 52.712378360744715 -85.2794994076688
52.87552984129627 -85.3088868492916 52.77015239274684 -85.06037599935306
52.493350363000616 -85.0363460118118 52.35563560370118
-85.23945138044571 52.3576647192695 -85.29926998638123
52.271459875415275 -85.69171388194937 52.38859461439868
-85.17674776274728 51.951307290622154 -85.60261368448862
52.088140826036934 -85.46546540480588 51.88212885965145
-85.45213639529858 51.751653328483535 -85.39945626873754
51.597595491006786 -85.91747806299124 51.78784050129192
-86.01236960864055 51.72231786464126 -85.91332202403333
51.540332896291005 -85.94957465323655 51.43975926164489
-85.54266511273885 51.07463855800144 -85.54448205988312
50.95428240182475 -86.30326781387065 51.283885142786986
-86.32687306484235 51.17566539439403 -85.80867378342842 50.7471082112946
-86.01974584482234 50.750425876611914 -86.5039337790734
50.91404680530797 -86.38430014301986 50.721909311078576
-86.63391515025343 50.74654887774955 -86.5175582263294
50.556779033122346 -86.59578006947841 50.48091432507429
-86.05156882748359 50.04300456105172 -86.67121567173861
50.281974765585566 -86.48183460058564 50.051135001859066
-86.25854742674065 49.801395576734805 -86.26977197574578
49.68749348713197 -86.40123939189851 49.64279209308653
-87.03526267952257 49.885918750233 -86.6423876383439 49.54026807588135
-86.43084983116772 49.2992863568029 -87.1463830862214 49.58654121325891
-87.13217195197092 49.45774058575008 -87.42860691703994
49.50502101462904 -87.26879577315418 49.293913604969035
-87.12103319482058 49.09017932024795 -87.52225283418508
49.19557322513291 -87.37548521699313 48.99273867660757
-87.67251904588956 49.03868498591823 -87.2043646595664 48.65700730649203
-87.65309474924541 48.787086675837585 -87.42261648327118
48.53896377445321 -87.07604662867983 48.22731401475003 -87.6622057458918
48.43206992710972 -87.37574716303416 48.15444580128097 -87.2045639779682
47.941114739330075 -87.93120896488567 48.22074904244117
-88.01980133834178 48.14950717066697 -88.04701600566624
48.04466942189018 -88.18060617253444 47.99779595454271
-87.78280951830943 47.66217675824131 -87.87670373796261
47.59407172074139 -87.98192099356768 47.53196458822103
-88.25102157873243 47.55802333421047 -87.71861959130304
47.152646239951345 -88.42919821658968 47.41532006494969
-88.42555572320504 47.29421209454594 -88.24175483143524
47.077132511175485 -87.95701207851951 46.806963141211824
-88.69430103128947 47.08019975556012 -88.43180881114151
46.822232572646165 -88.74471376750192 46.86898682993763
-88.29761323233151 46.51466795267265 -88.91628626578269
46.72169396371461 -88.18458424999751 46.21943663385986
-88.64329177597811 46.34159304051839 -88.81132429010492
46.31108173023504 -88.79587747036705 46.184820081473646
-88.56362832688906 45.94625255438965 -88.57092332636084
45.83238606165021 -88.54999635988716 45.70406119483868
-89.19844929527746 45.92052427565119 -88.63231157305238
45.51171774958746 -89.3445568149555 45.759280524907375
-89.47219355674228 45.706442504756666 -88.82873905746054
45.26050319627591 -88.70264078520442 45.07931054729743
-89.53068512441698 45.38222008062518 -89.5453384710715
45.271845081552215 -88.95578621644259 44.856879269188845
-89.72213508951711 45.12553280619301 -89.31728309718397
44.80478255476543 -89.3162100938709 44.68723778695739 -89.6587200871969
44.74127230923138 -89.30859283709701 44.44980076502519
-89.38820033487072 44.372687997632276 -89.96139310778845
44.53986266036942 -90.07817318581137 44.48028918903745
-90.14032780910985 44.39363009501465 -89.9967617873535 44.2058814585782
-89.62853692668871 43.90856717014524 -90.2174108064916 44.07996425102265
-90.23159807902789 43.969908218773675 -89.55919967334191
43.5262504390302 -90.02375107134777 43.63554417927557 -90.1064375155184
43.559153830953285 -90.33782323074225 43.55435972161779
-90.45054397133707 43.49202749385212 -89.99220226332818
43.155669624071116 -90.11385498643412 43.09799795225913
-90.58204127851525 43.20541739170654 -89.87109550912713
42.75084730274783 -90.56882072527962 42.966501806035296
-90.27765719305208 42.71261359832565 -90.24767677961236
42.58282404165608 -90.18171927102343 42.43629590725417
-90.84607009009386 42.63277353607294 -90.57583898501596
42.390275004499934 -90.81678442327154 42.387162551817795
-90.86914783321537 42.295771737958994 -90.9593724564595
42.22193494713454 -91.02456977803067 42.13639558377099
-90.96310690011595 41.99233104476123 -90.59643124111011
41.70802310071874 -90.73215876725725 41.65541158719498
-91.13735558888015 41.72593918296854 -90.9812425677385 41.53927390969891
-91.10931918507174 41.482506748968305 -90.7978999785443
41.225976421830396 -90.66135368992913 41.049520563785755
-91.19827144835183 41.1775984825372 -91.2101260981706 41.06801789790102
-90.77692469472065 40.75868636560585 -91.25146939630584
40.856987236200695 -91.75206960879063 40.96583592018056 -91.099624710612
40.56016614200684 -91.43414875237833 40.594429339024174
-91.69656602109836 40.596037175231054 -91.51715167380792
40.40203895026796 -91.58702561110505 40.31833701374605
-91.26413798721737 40.06215566652644 -91.73720476774709
40.15529155758498 -91.830118220887 40.08142486723198 -91.4177794038619
39.78753148067657 -91.94052433249753 39.900579060884915
-91.88781005798107 39.7634061635801 -92.20624982344538
39.786619336747926 -92.07359582957187 39.61505987690846
-92.22345871638383 39.565136288423474 -91.84245251611154
39.287851591816356 -92.03134575951559 39.25469554426388
-92.05405259976642 39.15049475447167 -92.38326481398319
39.176316766677445 -92.30800687218611 39.03040537329103
-92.52446213661202 39.00776524753107 -92.42529893171621
38.852018172999436 -92.17782522080032 38.63445443181337
-92.07178952940228 38.47670647327099 -91.88786866269311
38.28686613431863 -92.65329521932783 38.491974234539946
-92.14892794089299 38.16933571125893 -92.66713575372384
38.270343300974766 -92.40491979353418 38.04882988400881
-92.4763095672993 37.96501410389609 -92.5881942449087 37.89769605959806
-92.17365638576366 37.615372411770835 -92.21489980107943
37.51960214965756 -92.95532194792855 37.70744990191388 -92.4255948868255
37.37989864591932 -92.7802972173833 37.41034834327276 -92.68756211349266
37.26016106807083 -92.6048542297695 37.11431305529807 -93.29208978814027
37.27640425837245 -93.19680190475398 37.125200778803304
-92.9183023116164 36.90156221026449 -92.8975721679034 36.780750770580624
-93.45418145820443 36.887968647965856 -93.4650552360865 36.7791817378486
-93.35903917468025 36.62460598171514 -93.5022328283213 36.56784269826959
-92.89902372645896 36.21981583515127 -92.82740976694093
36.079955127951045 -93.40697299514507 36.19267167441312
-93.25962508547167 36.02330022006209 -93.11897670987298
35.85695397485226 -93.16520324176491 35.762770841278474
-93.33163837815087 35.71456600615909 -93.07762064265141
35.50566415312256 -93.47579534415605 35.545466142877665
-93.35256110904375 35.38675459523355 -93.26605731910908
35.242306278370144 -93.25406934893317 35.12622137759883
-93.78832292506992 35.2153542322499 -93.6436214162202 35.04917745210088
-94.13914686023685 35.1222955681045 -93.47507719411877 34.76306959529023
-93.47744450969999 34.65256518386258 -94.03268363943698
34.74643570520888 -93.51214307239026 34.44283489969383 -93.829732249534
34.44826554352862 -94.25261273406693 34.4915582582217 -93.72350071169178
34.186682676587516 -93.6243455060552 34.03946920333026
-94.10003038624203 34.10089156326166 -94.26983812674348
34.05078691296993 -93.96069775121637 33.82793271077253
-93.70079112106772 33.62356072288916 -94.51431770773773
33.80380846916689 -94.33845034853825 33.62952149821871
-94.05094941404359 33.41606966745887 -93.88096867682835
33.24499461563766 -93.92554781102925 33.15012913882553 -94.2243818723257
33.14467797659674 -94.00166160628797 32.955755046087475
-94.70460704385724 33.090875285517775 -94.48620623382718
32.903578262292825 -94.3276716108917 32.73765238795156
-94.21903430891336 32.58943798578984 -94.74477257137428
32.660239109768035 -94.82772792950577 32.57777173567575
-94.8235318335572 32.46535138649654 -95.07175019251505 32.4391459841433
-94.78745985847478 32.231366272021674 -95.16761056994868
32.249489110019624 -94.57062998380377 31.936822631940622
-94.6648521243704 31.858242508935035 -95.1297837977547
31.903846004150335 -94.64869507570155 31.632277223465024
-95.05930062307984 31.65887864911387 -94.44249708322758
31.343624795890733 -95.23451139598035 31.49580333608683
-94.54083011924394 31.156596836435835 -95.00854627029703
31.200475595189623 -94.90194548490813 31.055407312300012
-95.29185250430342 31.072561802043623 -95.48839208546009
31.026059350176318 -94.80710005665624 30.694968228208808
-94.83139747775279 30.593155171764355 -94.80509757894026
30.475095505465724 -95.57546923722914 30.612340236533182
-95.32202810526312 30.42113966897584 -95.11819405685162
30.24637190677212 -95.02007318760364 30.105640852813504
-95.72408145786106 30.21842680086523 -95.57855760392219
30.062459671401374 -95.37577817992927 29.88895712814167
-95.47611334610112 29.810634860742045 -95.34774540563794
29.66100820364006 -95.44938753788259 29.583035769562557
-95.0971068014044 29.364735711984462 -95.88779519139119
29.498937580993186 -95.84408621901663 29.375659549353312
-95.33044624135289 29.10905916548456 -95.62972964452193
29.090999643223604 -95.6981326978979 29.002354217875638
-95.92314486899741 28.960904903247837 -95.60549977052102
28.755792659246136 -95.34349412273488 28.56814611611544
-95.41229970311774 28.479910726164285 -95.74764445742457
28.470842623691233 -95.53610582335583 28.299083801003373
-96.19136321275283 28.3836440449716 -95.84567724916212
28.172566074351746 -96.34441749056131 28.209589288674607
-95.65410716970484 27.898743762284848 -95.58512343741285
27.770045462603825 -95.8298760137756 27.73236254142543
-96.31254121074683 27.76276999209012 -95.73501140432266
27.487741931550115 -95.92102970919863 27.43245554821213
-95.8133582372762 27.2931530572247 -96.20616006961042 27.29615620764395
-96.60015741873906 27.298672982313562 -96.24026425405918
27.088170281703214 -96.06217045128943 26.929509746880655
-96.0327861221956 26.812835659746348 -96.67048477516279
26.88179141432759 -96.0797845081076 26.609168370946698
-96.69348879585733 26.67014085827124 -96.23366798984456
26.434901257849194 -96.84890140775403 26.494861281685246
-96.43499170636336 26.273115130041088 -96.91515154100499
26.294940336919954 -96.68275944052787 26.12321965767828
-96.59404143054205 25.990741369519696 -97.05318449881217
26.005322409325508 -97.01179100502522 25.885377179807897
-97.0811004017632 25.79500001915558 -97.12383751246806 25.69749739312391
-97.11436775199705 25.586204633159294 -96.58578473717328
25.33880628262252 -96.8120114467628 25.289826606347955
-96.90776638587216 25.206463319667954 -96.51844458927631
24.997314901645495 -96.75274117639457 24.949909350862708
-96.81351987626594 24.857486997818622 -96.76898361162192
24.73806430852732 -96.99084133725276 24.68660274880165
-96.86524466733846 24.54665554067969 -96.77523806984807
24.416024808041698 -96.67258677152367 24.282475413846907
-96.800514068829 24.20687190585382 -96.69027147473626 24.07174599828536
-97.50259763368707 24.16557583437496 -96.68332323488946
23.855084394410152 -96.67169982908999 23.74484691486459
-97.04401380166524 23.72856832802433 -97.59399262681502
23.754762828242736 -97.54701285243219 23.635152321680092
-97.59330824794058 23.53819758725386 -97.11736205125564
23.31581576639982 -96.84894478079491 23.1441357995782 -97.59391853792458
23.214153779775796 -97.67914809654887 23.12637690248717
-97.62802280239944 23.006332654997436 -97.15344509879176
22.787134825010927 -97.56973515878504 22.777005508148495
-97.44052761713651 22.639268920848487 -97.86919456940869
22.630870493397733 -97.18286274246746 22.364980573773945
-97.95330970807034 22.43430276697439 -97.94057797641536
22.323469571628145 -97.78166965086739 22.179559078824326
-98.02286877143437 22.12636455044874 -97.73112783780924
21.95297778588533 -97.54987298459605 21.8049800153104 -97.95426944690072
21.78769583868017 -97.50684417459246 21.58104054255308
-97.46984175842528 21.46580540657461 -98.1531144883088 21.50853657800183
-97.65176972322365 21.291529043153904 -97.87516344147382
21.232894058400824 -97.85922754729755 21.12216048673058
-98.15712876236576 21.07890577011146 -97.85246503780749
20.906307928427776 -98.14850216523944 20.862108153306057
-97.60148243110021 20.639033431171114 -97.8787961084351
20.590616699215804 -97.60806511901188 20.426948454580913
-98.167551617467 20.436755485073366 -98.05139831430323 20.3054684331306
-97.49769099166298 20.084346201499034 -98.02379809781151
20.085740072097256 -97.93167866105541 19.960027342363464
-97.81198703106003 19.82897157453677 -97.9995748071554
19.760180464494805 -97.6633436911857 19.58597590672183
-98.15868083349922 19.578410450211486 -97.64026165444312
19.368714014113717 -97.71633323827004 19.27747132592191
-98.39464847213488 19.304262545297586 -98.08992854567029
19.13782739585757 -98.00408715635481 19.01456470947644
-98.67341108320474 19.037227164729014 -97.94954579313098
18.791201524453772 -97.76043545186036 18.648800435772017
-98.37824642504107 18.659905114048815 -98.46948583189393
18.5704053257319 -98.47167750060132 18.464052822131165
-97.95041625443311 18.260154125193477 -98.0054748327023
18.164241103554556 -98.76860187716412 18.198715937225217
-98.11723102860886 17.9724808961665 -98.62637770173794
17.959016877655937 -98.2863347456756 17.790780278848448
-98.25492691049634 17.678851720306255 -98.24438175180767
17.570762338760996 -98.9041076074694 17.581887593924073
-98.34275706573355 17.375879008127797 -98.26615088809739
17.256246730833006 -98.97669130198594 17.274197931519442
-98.91712204394325 17.157079907045663 -98.32308725864712
16.94800305105859 -98.8592562057411 16.933840908883443
-98.93292451217908 16.839836696495198 -98.97843035491059
16.74094840305648 -98.4495218517402 16.54546355295527 -98.64829629553971
16.472666303080025 -98.86150920152922 16.401873718876054
-98.3299284001822 16.207893608599356 -98.29594280307721
16.096577941274777 -98.79258238461414 16.071694345192647
-98.97966009045992 15.995752045733111 -98.32636249448926
15.784536493718306 -98.97379546478784 15.78217198443048
-98.95369583854945 15.672725733433063 -98.82148569224526
15.5457216365609 -98.70024825320525 15.42075058803885 -99.19627105354515
15.391851877923067 -99.23820731581728 15.291952122847706
-99.07587192984569 15.16073883188055 -98.74685564940116
15.004580371914624 -98.66255291369343 14.886082654878312
-98.82934027788896 14.80541418875891 -98.94778407341646
14.717231270659855 -99.40432663921142 14.67875387171723
-99.41628603012748 14.574157651399425 -99.1291953323675
14.426048411260705 -99.18960209289828 14.328784470078519
-99.32432575968113 14.2420797301883 -98.83170686738427
14.065834834924038 -98.95055088874143 13.977044915904008
-98.89801578936743 13.86400762746488 -99.21829699401405
13.802978722189087 -99.16438110852663 13.689639004263658
-98.67489190261686 13.516778833536858 -98.8235091778849
13.431722335886853 -99.44215593420657 13.409762244589036
-98.66256613418253 13.199451468430484 -99.4127560394914
13.193861445232889 -98.94544520568243 13.026414986224914
-98.67083497635745 12.88515754112978 -99.25043026648638
12.855152525657212 -99.65312882000312 12.801218151891533
-99.26101814349819 12.645201516402327 -99.09806604573765
12.518997088769398 -99.50824926618361 12.464961434026648
-99.65165083869704 12.376946134807115 -98.88731689645988
12.17687587043518 -98.93026407043605 12.077007430399032
-99.37841070477245 12.026109106661362 -99.37584653604287
11.92022203832869 -98.99670138377577 11.769595689286211
-98.84361459055674 11.64643657815188 -99.5721591365883 11.62657238285084
-99.16477406254262 11.473755829342453 -99.17351178234694
11.36953493241185 -99.57594332246482 11.310037300057251
-99.14863954481743 11.156348053175185 -99.15451152701341
11.051872110809695 -98.95433324296374 10.924660096852296
-99.46825073308733 10.875976778837419 -99.18539060788494
10.739952035809711 -99.49228228941607 10.66778499906403
-99.13738550293505 10.524733958995357 -99.25069070953555
10.43166794661594 -99.05672806194663 10.306415274938214
-99.33362599774078 10.230088682048859 -99.4299386784045
10.13479180926978 -99.72064745197008 10.05892251330923
-99.97172358447169 9.978504585665403 -99.84215469056561
9.859986784906223 -99.99793542114989 9.769643050901887
-99.62141076073627 9.62754884978592 -99.18119860228609 9.480184381187918
-99.85928077085896 9.43948123439233 -99.61302651811113 9.310967111815316
-99.95618932160991 9.237464906757126 -99.71673419711472
9.110030829732473 -99.12582697187935 8.951385329285502
-99.30118757487618 8.86239488914127 -99.69573127528083 8.792384076939609
-99.26744613971069 8.649861156727384 -99.62453428905424
8.575867573004059 -99.77568843560523 8.483629557032438
-100.00742285164668 8.39785793121614 -100.04166256273163
8.295240250251688 -99.75009800737328 8.16589718930112 -99.18475671085493
8.015063161139256 -99.53225042177259 7.938242199567016
-100.09058953236811 7.877300233279672 -99.82313999701597
7.7510780974837905 -99.58793846181462 7.627906612023504 -99.776069586147
7.537226602593532 -99.52657764615394 7.413569135199325
-99.58807722894912 7.313291241849743 -99.29995186807119
7.187593197472381 -100.19196251617875 7.146696759538834
-99.44458625362522 6.988726180493641 -99.43122099252398
6.883156170129375 -99.27870985171495 6.768143440443912
-99.42114961490198 6.673263977230082 -100.10369451443519
6.613783930757006 -99.3471139211282 6.459314161284794 -99.8480235008234
6.386886612749375 -99.47351380044314 6.258343021306238 -99.4025669451229
6.149380114339555 -99.68159146850819 6.061862454628536 -99.3447845123174
5.936968729880546 -99.4720307498529 5.840040738681014
-100.13717020452106 5.773872905432336 -99.68219081851137
5.642911249892253 -99.66369773701503 5.537168508230516
-99.36089224618748 5.415979453407546 -100.01240766282574
5.346454393501612 -100.10864154346173 5.246471590334874
-99.93167666322553 5.13226734301156 -99.86103634971168 5.023794955147279
-99.86048221384125 4.918934246394492 -99.69750376981736 4.8062553026296
-100.3737337003847 4.733505121653192 -100.10046935529384
4.615565359715875 -100.24636215806848 4.517096484766559
-99.49476267466535 4.378832113975319 -100.0952212286642
4.300241005041419 -99.95892389495364 4.189520205192736
-99.78531879977521 4.077570049193787 -99.67074726308839
3.9683434492688687 -99.7869604311108 3.8683124383260328
-99.95680230428607 3.7700688750336493 -100.26563915630055
3.6765740845486254 -99.62491892883892 3.5486166677320616
-100.40674776427751 3.4711900132883025 -99.48236212339337
3.3349343577911363 -99.58766083057868 3.2340627480249964
-100.09467991210654 3.1456020404419305 -100.04599202781398
3.0392039871345244 -99.99305402318443 2.932790015746024
-100.23831598430824 2.834927103649558 -99.71609298415034
2.715654744885286 -100.20187777764745 2.623878512570714
-100.38956687026682 2.5235963757452344 -100.38304093872412
2.4182477544183816 -100.43723155289645 2.314317172128341
-100.37951168101539 2.2078166746117396 -99.95617360281724
2.0937833588146164 -99.97434135507648 1.9894273558334337
-100.04698298014145 1.8860645822923772 -100.17247321868906
1.7834946817980584 -99.9350396102598 1.674584368115833
-100.28386385168083 1.5753848220897082 -99.96281568699006
1.4656364296913207 -99.93229247859487 1.3605191246270971
-100.2419071510233 1.2597432672757658 -99.68362893046657
1.148323764539568 -99.53159442977598 1.0423305212581646
-99.90464151633691 0.941606943570938 -99.71196538560662
0.8353645509403288 -100.19681730404504 0.7344941879724003
-99.76608401612218 0.6268570423747039 -99.70094929633865
0.5220377204377562 -100.42927161030434 0.42067960960761386
-99.8218897123237 0.31360074709346275 -99.88202077999304
0.209192721012871 -99.97157938650759 0.10469003139134862
-99.51394095006839 1.2186942925503997e-14 -100.49413422463714
-0.10523724973816555 -100.0360155478007 -0.20951524737192354
-99.73015933038687 -0.3133125666514026 -100.38811561294804
-0.42050721476071595 -100.00405599950041 -0.5236247979278132
-99.93640146020633 -0.6279271925195538 -100.2935865876111
-0.7352035565757055 -100.36328553896558 -0.8408211655534998
-99.96549863231641 -0.9421805253595298 -99.74890246013793
-1.044606248818403 -100.23651051513225 -1.154692784903868
-100.345753984885 -1.2610483137727924 -99.79165546166244
-1.3586044347262831 -99.55911420148297 -1.4597174327141806
-100.43849954846641 -1.577814033732641 -100.13193953914377
-1.6778837668480062 -99.51892554657813 -1.7718587626671696
-99.50904774116223 -1.8759235408377883 -99.91269869161347
-1.9882007050816954 -100.45786555386569 -2.104292307091524
-99.86217615579875 -2.196438037877837 -100.38290946443223
-2.3130654595889037 -100.26035467723224 -2.4152922175709346
-100.46345433341462 -2.5254537613284525 -100.42623795112763
-2.6297535904767346 -99.58600052188957 -2.7121118241605915
-99.79952578735538 -2.8225172959832503 -99.52340137466359
-2.9190151329613294 -100.06714720483461 -3.039846640548659
-99.52021297393313 -3.1275486896098035 -100.36347439597806
-3.2592569310225916 -99.52248061285533 -3.3362792447241243
-100.1787317151977 -3.4633072061059016 -99.80786772296507
-3.555133261644061 -99.52610688620645 -3.649456667238001
-100.11581540133078 -3.776066369091813 -99.82740742137229
-3.869880394648612 -99.94137435119113 -3.9791183382082043
-99.82108310522477 -4.079031501263921 -99.43492878176114
-4.167558302957256 -100.12817995859068 -4.301656961569319
-100.31563749271814 -4.414959372518506 -99.91259683426041
-4.502057034571493 -99.76931948923067 -4.60029626197311
-99.72704788813004 -4.703008192909386 -99.95654396555516
-4.818743211225897 -100.28573461346708 -4.939881357258708
-99.82497793624255 -5.021980933559872 -100.14607886391788
-5.1432785603714875 -99.8807108670107 -5.234526249751526
-100.08750084969424 -5.35046871840624 -99.4262060703115
-5.419539589810154 -99.62009106804584 -5.5347457858185445
-99.8765367786974 -5.653912984465875 -99.90498451990071
-5.760485163091276 -99.78336171353371 -5.858319097908184
-100.29920176939983 -5.994005900360811 -99.88265786646267
-6.074089755885406 -99.78496520804386 -6.173036568554262
-99.58610913287771 -6.265426919180649 -100.18948055743539
-6.4087282819906655 -99.7497898992956 -6.485495200124474
-99.96299642869242 -6.6044881026351225 -99.80275052870124
-6.6988774773917275 -99.70178615765988 -6.796985889435876
-99.56110503170156 -6.892147431794876 -99.49321716469822
-6.992143843879841 -99.31140530192057 -7.083886577647068
-99.28538260226061 -7.1865386354725 -99.90486553748492
-7.3365547210412005 -99.73439668988749 -7.429049229911363
-99.43134328631749 -7.5111854862369904 -100.17870658757407
-7.673156309549661 -99.5302296756783 -7.728334164801319
-99.3567240640651 -7.819543768344507 -99.39990517054626
-7.92768694080669 -99.9832573518794 -8.07958953882324 -99.73760675789214
-8.164874611267926 -99.3120431815187 -8.234741774882904
-100.13516441542595 -8.408584690030063 -99.62958257363188
-8.471206610836484 -99.23752115904573 -8.542552753761445
-99.71610978536779 -8.688956332355664 -99.32840562563061
-8.759988826393515 -99.87676999410687 -8.913764251533085
-99.59713088056957 -8.993945608707724 -99.55549286857523
-9.095299967497002 -99.80754997382317 -9.223728381102593
-99.75410179937391 -9.32415361311981 -99.56390921921734
-9.411560402223563 -100.00805756089287 -9.559219273841963
-100.00442441385812 -9.664563811001631 -99.63407472525641
-9.734094425781104 -99.52952521512708 -9.829112826847606
-99.89256876078227 -9.970603883918496 -99.6591590038455
-10.052720111390006 -99.31784555329642 -10.123366271837863
-99.02375390904137 -10.198175833648849 -99.39889851247645
-10.342016599825108 -99.18334376976648 -10.424589498014004
-99.89507381008583 -10.605172512182389 -99.91953178839785
-10.713595645791822 -99.27609587091754 -10.749773746128064
-99.28287124199068 -10.855707164909528 -98.95424078806568
-10.924649889736454 -98.99598445160476 -11.034202506708603
-99.08808827456959 -11.149534736834728 -99.16388690270308
-11.263235097419374 -99.04389381410776 -11.354675157949087
-99.64997472284263 -11.52989546115369 -99.62130098218175
-11.63231044487306 -99.52165995693834 -11.72632856095099
-99.74643807924093 -11.858730960014482 -99.54245814501617
-11.940207250453675 -99.62773043430508 -12.056280109080667
-99.28782015447099 -12.120656434313522 -99.04645663100345
-12.196472163007396 -98.9161079218559 -12.285590146371803
-98.99602012814803 -12.400796739158778 -98.93541817847363
-12.498449884792324 -98.80539724036822 -12.587158407003256
-99.64988993197939 -12.80080209157657 -98.99090587533516
-12.821538307326607 -98.84560676633197 -12.907980516612945
-99.28142565379567 -13.070647651359526 -99.43986340188125
-13.197459079960703 -99.51954402619967 -13.314101213905495
-99.16653546546526 -13.37259485897834 -98.72024164986517
-13.417686599105076 -99.21579617580525 -13.59087350230033
-99.23741904734786 -13.699721888913352 -98.90124772311135
-13.758871692813022 -99.42902671748521 -13.938447336886039
-99.43446795774035 -14.045399569296215 -98.82860874462364
-14.065393906760105 -98.62700182843061 -14.142090699800372
-98.96450676154684 -14.296267528583607 -98.48711009678638
-14.3326071938515 -98.53199730073744 -14.444523324206969
-98.6132069637607 -14.561931481871365 -99.40582503059392
-14.785359069188528 -99.10216709495224 -14.846285796492586
-98.89833854109897 -14.921657695607891 -98.44426727167155
-14.958602081229868 -98.44647328287991 -15.06442730494747
-98.6151421057771 -15.195941890306697 -98.93618700122691
-15.351495772128185 -99.1789270054969 -15.495538501762628
-98.94568185470801 -15.565259077801011 -98.64961853247978
-15.6245646194958 -98.62557042111804 -15.726644685485667
-99.18107927439712 -15.921745964932121 -98.48864145867896
-15.916400265007377 -98.79595237727636 -16.07224257959141
-98.91827316425375 -16.198488446207477 -99.1099711897411
-16.336469422179427 -98.6551427691244 -16.367635963540838
-98.26720752026041 -16.409030655402734 -98.71132632412952
-16.589462510740344 -98.75812693193856 -16.70368686815667
-98.65208648564112 -16.79203393994689 -98.07867869051086
-16.800133899876116 -98.69528027157543 -17.012158159432023
-98.04534232377816 -17.005870551060028 -98.32012746533889
-17.15960919835683 -98.6119584467941 -17.316973038929127
-98.47741083011087 -17.399670567238175 -98.22473393969483
-17.46111736759042 -98.5627811635255 -17.627707278434254
-98.49201523017817 -17.721510642154392 -98.25773146070328
-17.78560280672564 -98.14779906930319 -17.87187181628929
-98.3183857091631 -18.009327111816262 -98.83280838085415
-18.210546376249027 -98.77000972104452 -18.305939269576715
-98.13002184264192 -18.293636634485907 -98.52483695611714
-18.47402055112239 -98.658961758196 -18.606138677248513
-98.08346038596775 -18.60399153845725 -97.9979679411765
-18.694112181467418 -97.96143653426881 -18.793482712295777
-97.79222774058633 -18.86721898032502 -98.07668271580096
-19.02864956045316 -98.54464909973574 -19.226545611948378
-98.18418879699801 -19.262971998635408 -97.82429551071891
-19.29877011541227 -98.03001057558501 -19.44602777037566
-98.35212022112877 -19.616993239793494 -98.37688600617386
-19.729073839493545 -97.76456189926557 -19.71279355000538
-98.08681126195623 -19.88468541931018 -98.19032885976705
-20.01274434986272 -98.30266078907316 -20.142880926065143
-97.86408186408275 -20.159822051766856 -97.49112563438692
-20.189441538954945 -98.00263970883275 -20.402423729846646
-97.44042693266152 -20.391865937706616 -97.97189672337375
-20.610202137051967 -97.52722930865473 -20.623331695517606
-97.96830271454549 -20.823805577651704 -97.64860894287226
-20.86275380547181 -98.21608129199099 -21.091565623069123
-97.31334075355402 -21.00433502709805 -97.44697301494563
-21.140003056806393 -97.59883451154299 -21.27998730048912
-97.95217958831785 -21.464505212631657 -98.12411644962918
-21.609896470543255 -97.87291807176993 -21.66206311777261
-97.28561860630052 -21.63896969106514 -97.1542262056834
-21.716542482350437 -97.8450235790984 -21.978561760344064
-97.072387030518 -21.911815580788428 -97.09473913749687
-22.02374443627679 -97.5138542483469 -22.22620698286413
-96.99697591027774 -22.215273088141505 -97.40337663574368
-22.415728090364773 -97.3485932083947 -22.51048877337197
-96.95070939927147 -22.525464874136468 -97.08557498277865
-22.663981536342284 -97.81211727860213 -22.941624990043756
-97.56959515418646 -22.992564006688745 -97.62531644695538
-23.11363179729283 -97.09777258361635 -23.096138142602182
-97.01236464393811 -23.18318848635232 -97.69294813119727
-23.454001758215966 -97.55424701064483 -23.528776540483555
-97.19335358972933 -23.549462454819665 -97.42277548008434
-23.71308789925125 -97.49067018815906 -23.837781829927962
-97.20851064068115 -23.87670029662993 -96.73586454703751
-23.868048134107408 -97.18039684193903 -24.085719832013485
-97.15180352912432 -24.18664775845051 -96.76444939874115
-24.19785322596829 -96.77540048922326 -24.30830043473048
-96.53471950757822 -24.35534288877901 -97.17980741870099
-24.626368997556195 -96.7786099262336 -24.63258452953049
-96.60604406427503 -24.69641037303855 -97.18734088787515
-24.953467920188356 -96.81227882386476 -24.965262496306245
-96.40517559832564 -24.967979362231848 -96.3617004996547
-25.06442733798763 -97.13788162990404 -25.374952411551895
-97.13116808343501 -25.48188492507809 -96.40663277896245
-25.399741473636357 -96.7534231564069 -25.599491360896874
-96.5046118698807 -25.641823740462627 -97.09879378238277
-25.908591880662893 -96.40684396903566 -25.83213598633636
-96.6531283363039 -26.00663999497562 -96.71489933544882
-26.131903703723832 -96.83456321170102 -26.27307517675451
-96.85644385727642 -26.387937153528696 -96.18929024031148
-26.314412085801607 -96.48580235027518 -26.50416128982054
-96.3486823679675 -26.57503584018593 -96.28270364485309
-26.66536655564277 -96.5190148748168 -26.8396711924613
-96.50978852257175 -26.94601712294277 -96.62010047586338
-27.08591660261017 -95.92633144339715 -26.999809495309474
-95.9033228164195 -27.10175135775528 -95.89104580172264
-27.206750204189483 -96.22816283576837 -27.411313255382545
-95.88897421565451 -27.42328799752592 -96.58632727675744
-27.732174461096616 -95.78082614082446 -27.609499369157597
-95.77143702015111 -27.71545078670793 -96.01013448287637
-27.893522585718657 -95.96826537341813 -27.99037202044907
-95.70139895421491 -28.02131383600377 -96.39241295490713
-28.333271786256308 -96.32179655149305 -28.422131631951824
-95.93802372536534 -28.418137307445416 -95.72619258454242
-28.464463846434892 -96.17579044919361 -28.70780742665416
-95.76082788983565 -28.693193474064984 -96.03621451767523
-28.885341105665724 -95.75550663910232 -28.91029193762027
-96.04791010870176 -29.108358045531986 -95.22465695885163
-28.967774685899965 -95.55591308868203 -29.177905248320886
-95.81962330064817 -29.368161805987736 -95.71856019061097
-29.4468740966407 -95.82975829001326 -29.590968854670045
-95.35740698936365 -29.55452784586465 -95.12789334368102
-29.592616090270706 -95.56996586500676 -29.839938558534154
-95.03265403655217 -29.781428539576098 -95.18342899138256
-29.938179306879434 -95.51522281510702 -30.152493761742033
-95.73101832362649 -30.33089282550877 -95.07737869841829
-30.233393143635094 -95.67267762196026 -30.533046204478005
-95.0466952842819 -30.442976609181667 -95.65385210403436
-30.747927619702978 -95.6373639423518 -30.853164596601715
-94.84974953193611 -30.70877652197458 -94.9646827721932
-30.85589587919536 -95.1919445520897 -31.03998403240126
-95.31544467499388 -31.190719456912042 -95.1119347666997
-31.234428017213325 -95.03017830529761 -31.317864979800802
-94.63377176649476 -31.297127698976634 -95.19665727054712
-31.593915869055692 -94.7885168400031 -31.568695880332854
-94.69092989939308 -31.646392406462777 -95.16286513925797
-31.914940552910878 -94.63246855782525 -31.847344234727125
-95.13032424664857 -32.125833283594865 -94.40097980604476
-31.98970061345171 -94.89337796069567 -32.26738248294888
-94.90775655646466 -32.38319020874693 -94.94758577042055
-32.50782454240271 -94.2068199569413 -32.364460728012396
-94.47177145585181 -32.566130680688396 -94.82343282917029
-32.798493493937315 -94.55530339602879 -32.81665497676776
-94.19835842627545 -32.80333905023289 -93.97768120436855
-32.83687906456088 -93.96372891792437 -32.94245634088815
-94.56017072093171 -33.26279616462855 -94.51762982807494
-33.35909885774937 -94.26835296693206 -33.382174587469976
-94.60665016483554 -33.61350876954568 -94.21823117985251
-33.586666086635354 -93.74102739474047 -33.527234948185104
-94.16537663603127 -33.79027243456687 -94.31323361716922
-33.95485343227632 -93.91597326216711 -33.922968966751775
-94.17357237455884 -34.12754242998979 -93.74245469242496
-34.08241074797161 -93.82506884106199 -34.2237307742627
-93.56825152430218 -34.24111761947919 -94.22526359411168
-34.593479309593334 -94.21275436357172 -34.70088736473403
-94.04854546193665 -34.75229687788118 -93.67692298129987
-34.72651287013225 -93.91339087491302 -34.926076991993085
-93.445594161084 -34.86353857163553 -93.56406734171865
-35.01940174680375 -93.73658583533957 -35.195928147157645
-93.14040447996615 -35.08340697413028 -93.80669878358141
-35.44659766395458 -93.2661765356318 -35.35400916582236
-93.19273236164788 -35.43782752237699 -93.77115581813528
-35.77022213010012 -93.84168526375362 -35.90974208448193
-93.07957690782133 -35.72990197122562 -93.2563429751689
-35.90984905624643 -93.27535608048423 -36.02937661545367
-93.5731465892138 -36.25705944053201 -93.52682975996144
-36.35180416507409 -92.87254501395779 -36.209492216539715
-93.1202216253094 -36.418441714376854 -93.35688341555382
-36.62376028076002 -92.78616001253592 -36.512031509938716
-93.12386312288794 -36.757586334334924 -92.80529357325989
-36.74421509034874 -92.54806589207261 -36.75452656789474
-93.22440560405913 -37.136196787872215 -93.07980892024855
-37.191583911161636 -92.48160178004414 -37.064915752726904
-93.02950248014497 -37.39762021411609 -92.80193227647717
-37.41907190982089 -92.40647745533477 -37.37216693856736
-92.81216426822459 -37.64937779886057 -92.49961099314378
-37.63544298098579 -92.96640529066784 -37.938887247313296
-92.28825632569394 -37.774927101937166 -92.1112561394254
-37.815145898701104 -92.83556338538297 -38.22615252877169
-92.70103806935538 -38.28434452424946 -92.43258707234122
-38.28683117059573 -92.01628691546405 -38.22733489104464
-91.92543449366303 -38.302518667808684 -92.2496033289544
-38.5510146778495 -92.17238599977806 -38.63217469331631
-92.01638267556773 -38.68012560680005 -91.94022724408694
-38.76145527705657 -91.73501907111178 -38.78813011562183
-92.05704246007105 -39.03797796365977 -91.80077348921756
-39.042775406882754 -91.70231356419023 -39.11435141971407
-91.4878921132716 -39.13617972215816 -92.20714337682364
-39.5581367826331 -92.30036137959378 -39.71262672830816
-91.93792520251401 -39.67083836124874 -91.4047900223174
-39.55438472916867 -91.83303739705873 -39.85393161138831
-91.85161431820453 -39.976348365361176 -91.52715967567008
-39.949191451842154 -91.94724601586617 -40.24723100111491
-91.66070746634371 -40.236237497087 -91.07395595028811
-40.092474066911365 -91.32249810844478 -40.31610532158988
-91.31868391632747 -40.42874065979118 -91.6805125458299
-40.703808577978386 -91.49256236594525 -40.735113257699005
-91.57858264823538 -40.88837675887001 -91.12548701151002
-40.80057980822562 -90.95498818471997 -40.838636572846866
-90.98323248217373 -40.96585740891487 -91.02818752098437
-41.10080264465294 -90.86427159654446 -41.141397448934114
-90.87148165690586 -41.25938552642337 -91.06714633589664
-41.463305249975896 -91.22570530810239 -41.65088817705878
-90.59237249972642 -41.476426443797656 -90.63317709119092
-41.60996879698521 -90.88654983167088 -41.84158545754989
-90.88269489677717 -41.95520953935917 -90.67828568014575
-41.976096405555396 -90.50163641991757 -42.00946095313149
-90.25508877083085 -42.009953035401026 -90.18961751130902
-42.09444324873634 -90.45450338342961 -42.33348889490689
-90.09307516755167 -42.27940368777104 -90.16347977934348
-42.427713053962144 -90.40720357929737 -42.658095803581894
-90.40552436454736 -42.7731107496452 -90.50942963089207
-42.93832624248227 -90.29353206257726 -42.951796456525635
-90.69103723158433 -43.25740579448358 -90.49994990476831
-43.28265233201295 -90.04893063390202 -43.1828736568342
-90.00992337726895 -43.28016052047442 -90.50974689031564
-43.63724886645127 -90.45659661870839 -43.72842735526205
-90.41971623747055 -43.827473034651845 -90.3673563314364
-43.919018900812944 -89.69796203143736 -43.709867074270825
-89.7670129531788 -43.85990117123246 -89.70017346867749
-43.94366154994441 -89.52399198303259 -43.973659704017855
-89.44675440335726 -44.05204889637598 -89.54977299425724
-44.21936700892856 -89.7652719526203 -44.44276312673371
-89.5881024543011 -44.47192027149294 -89.18324573716858
-44.387414230411906 -89.7963682706397 -44.80996116461871
-89.65594481579446 -44.85721596098796 -89.3261696666573
-44.809240379713756 -89.68604525307367 -45.10738150945028
-89.18129538483066 -44.97059460992969 -89.26250970223676
-45.12885405124384 -88.96871087076303 -45.09736088153015
-88.84544064455253 -45.15188244762285 -89.4988952656125
-45.60196483946601 -89.46518036555548 -45.70285984955381
-89.0456466280106 -45.60618876885894 -88.59550895394216
-45.492820009207456 -88.90458451303608 -45.76923885563223
-89.09545299160902 -45.98559235576634 -88.37399889622942
-45.73048448754672 -88.53919602455227 -45.93357722982514
-88.88235985608343 -46.22980160019177 -89.1115719179345
-46.46764726444896 -88.7418020716753 -46.393092978551316
-88.84137760988851 -46.56367615528189 -88.72961230485186
-46.62360480547495 -88.78525180032692 -46.77155310778481
-88.29159890544449 -46.62968204658051 -87.9855132889771
-46.585931257363356 -88.76218517365045 -47.116233626343494
-88.25199474456967 -46.963940310522425 -88.39764854733859
-47.160302084754996 -88.24775893762005 -47.199117878644095
-88.40100577891596 -47.40020341250148 -88.06917492827853
-47.34108527226796 -87.59333053640144 -47.20359700147986
-87.88200538892416 -47.477985487422856 -87.8947915711837
-47.60386810129478 -87.73850892527318 -47.638123498754936
-88.2010198949903 -48.00890739647575 -88.20872339848688
-48.13290839447088 -87.54384343568056 -47.88914372859293
-87.84206439084399 -48.17186289400805 -87.34559449453526
-48.018646921913984 -87.42012981232881 -48.17890592836853
-87.12542759895996 -48.13550795349354 -87.53201112044937
-48.47985123451967 -87.06647705309571 -48.34122731225007
-87.5015753460893 -48.70275205792137 -87.70183015103122
-48.934575776228925 -86.85923332617428 -48.58378232489414
-87.01870435070724 -48.792686319778255 -87.07659752850778
-48.94507386624232 -87.14811862498574 -49.105441175795484
-87.15449314588305 -49.22934959003553 -86.58692960762184
-49.02843498221273 -87.27542503646154 -49.539053535170794
-86.75444343698501 -49.36352643190253 -86.77190153315158
-49.49381881311235 -86.85454328138532 -49.66157414461472
-87.00935204047113 -49.871067573885675 -87.00627531835529
-49.990422207160556 -87.06836130999349 -50.147444886510634
-86.52309756974051 -49.9541336730099 -86.83651485838486
-50.25640527101541 -86.23931302552688 -50.03140809486692
-86.31297667872649 -50.195025430284986 -86.80058532674774
-50.600305323541484 -86.11636613993002 -50.32234130651808
-86.38516944816858 -50.60084397791802 -86.38913549331714
-50.72474846355019 -86.2093341414008 -50.7406528440623
-85.99457345193223 -50.73557452304232 -85.81743669942026
-50.75229058536555 -86.32484151258507 -51.17446106444601
-85.67276409212569 -50.90922168835318 -86.25753074239054
-51.379007446150766 -85.71548277428784 -51.17782215169031
-86.13447303441718 -51.55041865995104 -85.41521308963013
-51.24151194870177 -85.7662554173866 -51.57432058833137 -85.460823596344
-51.51258627809889 -85.24227862469351 -51.50263014986814
-85.7379359773788 -51.924739707796775 -85.59111913989074
-51.95840742719313 -85.62302946385918 -52.10056357745951
-85.42673999883178 -52.10378345129065 -85.2454981843431
-52.11579562096645 -84.9727051392427 -52.07134067970996
-84.90689290617821 -52.15339328376325 -84.96522313824556
-52.31184628976469 -85.50806531812945 -52.769633085574974
-85.02932142633297 -52.59721953055472 -84.95629161204639
-52.67513251765956 -85.24109287874211 -52.975377475729736
-84.69095893792688 -52.75650451946438 -84.61732313809557
-52.83371073194263 -85.13433218559638 -53.280513117437486
-84.38532844697066 -52.934816744824545 -84.26181927220158
-52.98038152046472 -84.8782392619636 -53.49206654345503
-84.92184304408924 -53.643879705686786 -84.2149811998175
-53.320826927884966 -84.33875177130716 -53.5229994048572
-84.78716003030712 -53.932198708100074 -84.70369023267841
-54.003778527015086 -84.1815453360594 -53.79495033142297
-83.84832109585251 -53.7057538619306 -84.52098495257395
-54.26150796584014 -83.79450228539469 -53.9191130456015
-84.4226147110043 -54.448380150465 -83.67498660532223
-54.090353656320346 -83.88363493535753 -54.349865626154426
-84.0229337378695 -54.56513117210369 -83.56536854481942
-54.3924844025744 -83.87395869512636 -54.718474699587006
-83.69101984871277 -54.724154902404536 -84.03008538262107
-55.07157029480458 -83.95108984900976 -55.14555871757774
-83.14739169276481 -54.742355679215464 -83.50620635286035
-55.10403018318334 -83.38809106475799 -55.15152321609533
-83.71409879448116 -55.49323923911278 -83.56961293751381
-55.52351808645212 -82.86248958408883 -55.178870947654275
-83.38477127077752 -55.6527921733433 -83.47068614282381
-55.83656937144435 -82.67391820249806 -55.428986840755435
-82.88924850724761 -55.69926345922397 -82.57312121875668
-55.61243893443467 -83.23904370452424 -56.18772910402218
-82.78433363313245 -56.007073930654826 -82.68823109054509
-56.06837041934336 -82.46521692400651 -56.04330354948817
-82.77492142278112 -56.38058488789369 -82.34599514394506
-56.21475917561475 -82.91507102746527 -56.730631986009044
-82.52386660106309 -56.589934460127665 -82.53388030241406
-56.72396437135396 -81.97109859119631 -56.46365315775148
-82.37728698920446 -56.87073361519202 -82.16360036945345
-56.850352666558194 -81.82455705780629 -56.74256366536242
-82.43492700451283 -57.29376679566502 -82.11598796530303
-57.19972127011883 -82.31241443681469 -57.46466143937523
-82.01423118074011 -57.38432875030422 -81.5596978861353
-57.19361305714942 -81.48989608107664 -57.27205820293411
-82.08204843417224 -57.8167381369932 -82.07766618857109
-57.94234252241586 -81.34028739405817 -57.549517123005856
-81.88301192327822 -58.06226972780122 -81.37873502265917
-57.83285673083427 -81.7642141689669 -58.235765155164394
-81.33478293212501 -58.05838378063966 -81.61601943428978
-58.38824995049864 -81.59685061422886 -58.503813740334046
-81.44678101562258 -58.52544926852689 -80.97090413250207
-58.31216881251073 -81.05303182685586 -58.50031076121551
-80.96604158179123 -58.56657843792848 -81.25148632206593
-58.902758676283064 -81.05526730086999 -58.89009881292432
-80.75935003869087 -58.80441374927683 -80.46769159183805
-58.721085532787285 -80.80645219846231 -59.09807769680371
-80.79750427414584 -59.22150065970039 -80.45515025453106
-59.10018335634781 -80.92844330317709 -59.57843007452807
-80.07597773974797 -59.08025872762073 -80.15730478049103
-59.269996085190954 -80.6168078664946 -59.74044230965157
-80.50784976058047 -59.79040584016413 -80.00512308884616
-59.54714013592216 -79.94320049883079 -59.631245849674116
-79.70295001443995 -59.582044019131835 -80.16727661320328
-60.06012009359068 -79.87754689353729 -59.97375865010512
-80.12053417683818 -60.28750227889312 -79.72281712100094
-60.11909396745637 -79.48791687545139 -60.07263389708564
-79.35694760370936 -60.1043243637168 -79.77709481772206
-60.5541108019263 -79.3995898971188 -60.39872498062621
-79.52074341989038 -60.62245121568996 -79.60469276404437
-60.81836472674677 -79.35170544179401 -60.756787479996824
-79.3105573359881 -60.85713107555639 -79.15678180591837
-60.87094021191861 -78.86537292276816 -60.77838077368373
-78.82492737532712 -60.878887612350965 -79.14646591679467
-61.25964936860663 -79.29640492486794 -61.50859660011372
-78.94228929070088 -61.366431898223404 -79.01110399804938
-61.55277273881223 -78.47737256353092 -61.2691400893676
-78.95791825586268 -61.777505611314076 -78.4365537326436
-61.50211418322658 -78.77184508885536 -61.89833112100962
-78.8431544091804 -62.088020857104745 -78.21406777543038
-61.72543064963277 -78.62501807832848 -62.183473263928605
-78.47381795742524 -62.197581692904755 -78.67073049994893
-62.487901363973826 -78.01132666963117 -62.097484189145845
-78.08057397570626 -62.28629162395289 -77.96103188084842
-62.32463541210185 -77.93807168732745 -62.44016956958709
-78.11920279706074 -62.71970878165688 -77.56134836011998
-62.40551366019151 -78.04384298061005 -62.92847571712386
-78.0746103685589 -63.08831415044569 -77.52086419783478
-62.77515806688504 -77.43370750716066 -62.83895608549531
-77.29149479577327 -62.85790520017091 -77.2695309410423
-62.97459121359973 -77.29585534423946 -63.130869641461125
-77.52235204132072 -63.45130993054159 -77.62111536031519
-63.66800266098813 -77.6090361179218 -63.79416307524654
-77.13803474929337 -63.542478317948124 -77.34371071277911
-63.84797527944814 -77.3945409734772 -64.02633251877498
-77.33501209081817 -64.11361375289286 -76.60910405244054
-63.64729019570305 -76.69733220553049 -63.856464230115755
-77.02061072701055 -64.26230302763729 -76.4807466029707
-63.94783002659227 -76.49219864368412 -64.09362784758703
-76.45352109144412 -64.19761221174308 -76.38411053995965
-64.27583727296171 -76.07868124833465 -64.15502680701789
-76.54366328682588 -64.68441057929118 -76.60986300606719
-64.87799320596363 -76.42199794379549 -64.85644314216134
-75.97336758168804 -64.61268916900421 -76.10886403625692
-64.86539466122666 -76.28698973718656 -65.15524448668066
-76.1605589203086 -65.18531874480944 -76.0157748358977
-65.19944015906883 -75.9681730298061 -65.29681439958341
-75.5020898705713 -65.03380494756775 -75.71713214419063
-65.35727525387685 -75.54939783895081 -65.35067764784958
-75.89107553977766 -65.7852943180303 -75.23363698657019
-65.35351061566061 -75.73969957697906 -65.93240550480608
-75.69461828694847 -66.03262420921195 -74.91468079675201
-65.49051935789312 -74.89882509037889 -65.61516035180958
-75.47149888071965 -66.25666892513495 -75.36069742856829
-66.29926500452964 -75.31508513848595 -66.39917934350576
-74.61766667135211 -65.92332405825495 -74.84362124757536
-66.26263167749946 -74.94430619247422 -66.4919013142284
-74.43879765231054 -66.18284741444526 -74.35272862944069
-66.24586474306007 -74.6719800551614 -66.6707087906657
-74.45765445895162 -66.61960912374123 -74.12551441736669
-66.46232966016653 -74.351307446452 -66.80536652413734
-74.66364841037304 -67.22745099073188 -74.38477509047942
-67.1175331146506 -74.48136074762388 -67.346314054574 -73.76330915843891
-66.8375811900162 -73.71031374245099 -66.93025933239768
-73.95888830048526 -67.2974103568991 -74.19944500825447
-67.65847181303567 -73.67761382600277 -67.32408379309206
-73.64120972473056 -67.43246158790552 -73.85266856392653
-67.76841419318824 -73.78176330923854 -67.84580928074493
-73.29624516461371 -67.54114673987814 -73.67444382793643
-68.03245112935988 -73.4371590050472 -67.95595447486623
-73.42188311524455 -68.08468257825713 -73.40319523098981
-68.21045828812744 -73.30550125793613 -68.26286853053716
-73.04035256075925 -68.1589129057121 -72.92672110901937
-68.19588619794924 -72.6826633915694 -68.11047210900989
-72.79896676827791 -68.36278015434335 -72.69202806403517
-68.40575011015572 -72.80810282059161 -68.65888492470773
-72.88935293620833 -68.87985452486986 -72.87410182277078
-69.01004785938888 -72.54840083601059 -68.84586176520217
-72.58645105579791 -69.02657787660635 -72.68875740456853
-69.2689671159516 -72.62811602638816 -69.35644765379723
-72.1979866723463 -69.09039197417793 -72.20622395431462
-69.24327924331921 -71.97437996964561 -69.16577839987163
-71.761110300773 -69.10552230922657 -72.01947873172941 -69.4998350080923
-71.57852039032069 -69.21921097364573 -71.53583982169835
-69.32305153280211 -71.62284013164633 -69.55294669436617
-71.87626952043445 -69.94545058586971 -71.68667389236865
-69.90725839681481 -71.18030737480535 -69.55903482496282
-71.68983347672307 -70.2038717518906 -71.71365428331674
-70.37446565006053 -71.18517369116697 -70.00233630122014
-70.92734937921783 -69.8950487954403 -70.85665271442957
-69.97178986879867 -71.39552579461689 -70.65176114252094
-71.12258729080368 -70.52923405872257 -71.24461044310716
-70.79836779809013 -70.6463947717428 -70.35108989861521
-70.99668999853685 -70.84815037475076 -70.37433161558907
-70.37433161558906 -70.36690747561543 -70.51443812967109
-70.8416153141057 -71.1389792107081 -70.57127294897903
-71.01608421345304 -70.25729249047325 -70.84835791366753
-70.62602283617895 -71.36951653618321 -70.25281342187952
-71.14123008971981 -70.32495341135203 -71.36360338315666
-70.05002749441624 -71.23367072784569 -70.18276189617083
-71.51830250900092 -69.8093171562016 -71.28692758910495
-70.14150689976798 -71.77635562973302 -69.54231932574196
-71.31244568232945 -69.45242677111598 -71.36963596110475
-69.58188764870037 -71.65264236784256 -69.45173795484043
-71.66863390780118 -69.38109548948373 -71.74592267582487
-69.26000928842942 -71.77095838179521 -69.2105085936352
-71.87013099960804 -69.5311871610054 -72.35462681463912
-69.35701462215599 -72.32482611073405 -69.39643098528242
-72.51779091449325 -69.07744773354088 -72.33595517811517
-68.7610789232919 -72.15579490834587 -68.89125682968391
-72.44415116419934 -69.04616752441243 -72.75947906404555
-68.67242493447046 -72.51757450288925 -68.76909786218516
-72.77214912484504 -68.53002889558326 -72.67145971856863
-68.47682446829796 -72.76755591408272 -68.44591833636962
-72.88749993993702 -68.05998728570596 -72.62878957004138
-68.47221814012715 -73.2222225476579 -68.41929456889251
-73.31938237018946 -68.41345657778179 -73.46721336474248
-68.01622134873416 -73.19417139005421 -67.95768505427992
-73.28493017651755 -67.83926313791143 -73.31105555564847
-68.1604967702184 -73.81310840959182 -67.5259500330233
-73.27975356497268 -67.92934835340998 -73.87261136826805
-67.4820980874247 -73.54064697222752 -67.35504520827972
-73.55666534189308 -67.31937425054932 -73.67245983300035
-67.13763849312699 -73.62825943099489 -67.5236211815153
-74.20749075073438 -67.41284899838014 -74.2417898796009
-66.90430035276431 -73.83694177860484 -66.86791037566918
-73.95227229650801 -67.2517856918607 -74.53356404766635
-66.66420543372539 -74.03810084583972 -66.82485637828998
-74.37299875979376 -66.4274297875447 -74.08659054839565
-66.85587926576594 -74.72172266387248 -66.55973973592893
-74.54769340526153 -66.4834253962036 -74.61936086142558
-66.77534396014758 -75.10520491942371 -66.18343319147345
-74.59662581357932 -66.58451926821085 -75.20719317814316
-65.89309519573959 -74.58345105466027 -65.87013694984074
-74.71500433455587 -66.32757579517843 -75.39287758815072
-65.67446220778153 -74.80832014973434 -65.75285865736649
-75.05600585847948 -65.84485931520656 -75.32001068351927
-65.48277269399212 -75.06431166113272 -65.87353007583208
-75.6720665630034 -65.60742514633715 -75.52593824853105
-65.45057327650063 -75.50493544401883 -65.7358986102085
-75.99473693547826 -65.28947951571081 -75.63859002557273
-65.44154413619256 -75.97546154070687 -65.2176929178636
-75.87612084519438 -65.03719041533353 -75.82660848789115
-64.90910917730685 -75.83784399852544 -64.72505950540348
-75.78330783850986 -64.80922642324249 -76.04295985406209
-64.63557002499681 -76.00027151813254 -64.73441485860099
-76.27820891091726 -64.67394034239152 -76.36891131888044
-64.64560789040057 -76.49774650523241 -64.59421442941233
-76.59949492101644 -64.17850728349536 -76.268445540643
-64.05884155316846 -76.28825785023169 -64.23708879263576
-76.66341134414742 -64.40288386632425 -77.02498488897304
-64.05009304233266 -76.76626966077907 -64.0663295562389
-76.94939925669199 -63.67635242345444 -76.64408482260306
-63.811565362595445 -76.97067580483542 -63.75810912597785
-77.07031458806301 -63.77666004245089 -77.25732136314666
-63.64858912909832 -77.2668490425733 -63.359191989912325
-77.07987035972955 -63.63330636220473 -77.57881522056076
-63.46792203254644 -77.54264806391149 -62.96135298431457
-77.08830339566568 -63.346385257394815 -77.72572050602527
-63.019811999563125 -77.49057903987541 -62.79537714153639
-77.380007073382 -62.77356963029376 -77.51890264200487 -63.0610535379423
-78.04087414136262 -62.499019142422036 -77.51123129566012
-62.88631478007714 -78.15891708384585 -62.46473058917309
-77.80162011827616 -62.54873648333694 -78.07358534728442
-62.42847579880233 -78.09092439677804 -62.18195273146153
-77.94977728832434 -62.21262446222257 -78.15597416337597
-62.3944338704357 -78.55305722505662 -61.96665398441729
-78.18245970097969 -62.297743340302084 -78.76950159378829
-61.96716369713005 -78.52037466971248 -61.63766632835029
-78.27126677032027 -61.52543803636036 -78.2973011752032
-61.639110961789896 -78.61127220087317 -61.43170074684585
-78.5159445641285 -61.593322911488315 -78.89260633493944
-61.64839867929078 -79.1338525078543 -61.32054315294981
-78.88325762644206 -60.98514205169463 -78.62157138735353
-61.49490818718426 -79.45041646594224 -61.087404369676115
-79.09491125475262 -60.82685086712112 -78.92826719447922
-61.14440503912796 -79.51239641583953 -60.939673622900386
-79.4181288780257 -60.7385485710966 -79.32788442381954
-60.65633018465149 -79.39260699030451 -60.33531931275177
-79.144101731484 -60.614651349639125 -79.68344464989863
-60.44120775712163 -79.62835054930954 -60.28059583147304
-79.58968236578927 -60.155481514941094 -79.59754057819609
-60.502976043468806 -80.23187603260949 -60.3075485427963
-80.14717514406118 -59.75286426991252 -79.58334320163102
-59.91508776318522 -79.97368980499589 -59.67513409344914
-79.82747668455161 -59.690495790684146 -80.02263251213547
-59.86313017337207 -80.42967449103467 -59.46871037381729
-80.07468644768117 -59.6452453112516 -80.48834416865812
-59.373442925503305 -80.29720726834634 -59.46793679184376
-80.60142736893856 -59.21584654705912 -80.43592746466425
-58.95078023503715 -80.25176255095876 -59.14044821613557
-80.68692222062778 -58.76888811709379 -80.35634209211449
-59.21708760574975 -81.1473817146266 -58.63302466223446
-80.52397193710338 -58.781879054059104 -80.90631558133009
-58.60404330861557 -80.83943316605635 -58.82253505425001
-81.31989175697572 -58.695174367376886 -81.3230181887499
-58.32264072457495 -80.98544518293976 -58.56422747769105
-81.50074660408788 -57.997552514854576 -80.8907543967998
-57.926761971078726 -80.97094423630095 -57.99692936333686
-81.24869059944078 -57.937676205201576 -81.34569114138719
-57.706876738544466 -81.20146395236738 -57.86425422487267
-81.60375818650029 -57.99382477692588 -81.96827028718977
-57.73802348949643 -81.78824003405458 -57.427695545636624
-81.52972718853184 -57.382427503047644 -81.646935710505
-57.62829782862848 -82.17957057370458 -57.262110396349385
-81.83955554099542 -57.085927513040275 -81.76991574066106
-57.10726150822179 -81.98325262102819 -57.262283899609194
-82.38962905355919 -57.11837512057139 -82.36648896700018
-56.64937489747413 -81.87313502794503 -56.827874140020675
-82.31520501730134 -56.478740804174734 -81.99300207925101
-56.86120642645792 -82.73356873170393 -56.718950562043375
-82.7120079672875 -56.73319585043719 -82.91881826231386
-56.44976813391046 -82.69024720198807 -56.050712733422735
-82.2906209899247 -56.31750814794786 -82.86869673803224
-56.37978455274015 -83.14749686971047 -56.1278438723057
-82.96284428260596 -55.71100253939207 -82.53279940561535
-55.71900503838964 -82.73135013279605 -55.986676998042945
-83.3169649753647 -55.79197989587222 -83.21533271965347
-55.50185955693489 -82.97032485289598 -55.365112320913454
-82.95373955148193 -55.451014256219125 -83.27116906020069
-55.39650393823935 -83.37844127603505 -55.52702727159826
-83.7650695925161 -55.07012783796323 -83.2650227466385 -55.3478072849401
-83.87563306984867 -55.15422489763504 -83.77297403764591
-54.92810691046623 -83.6200511104207 -54.848747758639234
-83.69009513649365 -54.49884699143 -83.34645082095759 -54.49678846949151
-83.53415204283226 -54.425113475069466 -83.61549790548894
-54.718500933479426 -84.25910245992054 -54.45693432853314
-84.04888487369435 -54.25133779856918 -83.92402076826986
-54.01365642153273 -83.74857236535586 -54.106959335874315
-84.08643005479723 -53.88755614334851 -83.93849512605267
-54.15663305619243 -84.55225802508902 -54.07218067353713
-84.61537190285473 -53.81295294899918 -84.40438468240752
-53.73697673813439 -84.48025030280832 -53.50583672514471
-84.3117077154789 -53.70493481354741 -84.82164167816146
-53.324728628836425 -84.41660558169188 -53.06044099028808
-84.19335981458762 -52.96410534951855 -84.23593309065002
-53.33167745818287 -85.01797863268642 -52.8832092214984
-84.49949967598897 -52.81165289354502 -84.58199578339034
-53.019141119259466 -85.11257416227573 -52.744223889049984
-84.86915056723235 -52.60519310568808 -84.84349088816333
-52.73572354512292 -85.25322874460316 -52.759257720887724
-85.49125304733089 -52.513101828412374 -85.29210362444144
-52.436278460588156 -85.36743631286949 -52.024162807304066
-84.89571784856203 -52.13578758588123 -85.27819892292995
-51.87908692475142 -85.05833888705358 -51.736330234258986
-85.02444165337945 -51.82487815088354 -85.3711562741448
-51.938008202781184 -85.75984486666535 -51.9444818159951
-85.9735896805595 -51.64542464241211 -85.68120616378312
-51.37093405259914 -85.42803086351789 -51.69181506107416
-86.16582982273333 -51.13991927216654 -85.44857853798234
-51.16263641462289 -85.69004885136393 -50.9640887386606
-85.56094540635742 -51.04082177055746 -85.89422775672877
-50.881061349270716 -85.82991331235536 -50.87628318853659
-86.02709674138266 -51.01443209339037 -86.46722480241677
-50.75110831134162 -86.22709817914503 -50.68808300573426
-86.3266906848335 -50.42202123094749 -86.07988534450858
-50.3016748170245 -86.08099968181517 -50.53812581201551
-86.69392158309492 -50.35915128972588 -86.59519969498874
-50.333926602654444 -86.76076523489967 -50.336211307185835
-86.97440928215696 -49.85720206184031 -86.3552070943351
-49.70604454269107 -86.30198119421648 -49.67080366558999
-86.44999238260607 -49.90560791520659 -87.06961408946653
-49.51274582696591 -86.59425319233013 -49.62841356556625
-87.0078712539546 -49.51305116789433 -87.01722724091205
-49.170266361674955 -86.62571425238303 -49.37544172145684
-87.19976271386318 -49.343691994914515 -87.35692227454908
-48.872097612124264 -86.73400051342252 -48.82851210201772
-86.86922626458154 -48.77798589741764 -86.99248706685341
-48.94269619334514 -87.50090801579204 -48.90125419378289
-87.64211033702054 -48.424459350580975 -87.00158203419902
-48.45639805610335 -87.27390891787068 -48.48320405852707
-87.53806475759585 -48.57332024593707 -87.91786928720555
-48.15797549200481 -87.38215175058816 -48.237651643184726
-87.74396260364945 -48.221551398941024 -87.93267207316278
-48.161941746078895 -88.04253238839392 -47.82037628423391
-87.63597474513077 -47.62288494047002 -87.4918270354049
-47.53646449830643 -87.55127633794379 -47.82775344464124
-88.30816881076859 -47.4491619393591 -87.82865284710377
-47.25099363243968 -87.68128207030338 -47.26846475357726
-87.93407812753614 -47.40447493133365 -88.40897212787193
-47.28746979576394 -88.41294970884837 -47.060861870165304
-88.21125701140285 -47.02316852991551 -88.36329308265707
-46.87742697536586 -88.31229776662884 -46.607734724698524
-88.02669287288124 -46.80134040661802 -88.61662773703836
-46.611789911261006 -88.48197738052937 -46.42306324684173
-88.34796067532257 -46.51299372120792 -88.74467782938265
-46.2461837248148 -88.46079058740945 -46.37283406904094
-88.92974750075902 -45.9698290273089 -88.38253128282841
-46.14039423754757 -88.9378458291675 -45.736773408266 -88.38615221318909
-45.80206404212295 -88.73987339801907 -45.60551224602542
-88.58655330769459 -45.518616339278324 -88.64574630988783
-45.61869802243605 -89.07007082577134 -45.45164856970658
-88.97342421429097 -45.31824230778535 -88.94205844428747
-45.251277060791516 -89.04101960440896 -45.31737771917527
-89.40276319738514 -45.152869886292514 -89.31001176614032
-44.99788485153627 -89.23541472923675 -44.73670692023468
-88.94904086775823 -44.6628419092395 -89.03432774963944
-44.955269079606744 -89.85192320641828 -44.53054901643067
-89.23644374703191 -44.753127844512534 -89.91803796783245
-44.54570357849794 -89.73673796243801 -44.21323157059304
-89.30166525697169 -44.24473307603039 -89.60114246660336
-44.036666257230216 -89.41552027962827 -44.271513666737604
-90.13037944202767 -44.107066276929075 -90.0337240158813
-44.097048093916634 -90.25237590001444 -43.62410017419725
-89.52195792386848 -43.61589307970518 -89.74364751974433
-43.48472231302935 -89.71259303726237 -43.44073705416435
-89.86148064744133 -43.642113505040435 -90.51983682996256
-43.16516549139356 -89.77076775418735 -43.14435297033267
-89.96860372804784 -43.19489060836383 -90.3164484055331
-43.07957734538064 -90.31821213488172 -43.094863022128486
-90.59428748130382 -42.86049146573693 -90.34536219126043
-42.916071619325145 -90.70768738613977 -42.50994010652443
-90.09321060767051 -42.63778068618594 -90.60989622149799
-42.32873814967698 -90.19820184856304 -42.25100645983511
-90.27826211683346 -42.228064719721395 -90.47590872766321
-42.11835551307643 -90.48798299085828 -41.90650818901778
-90.27984367573936 -41.90317640244112 -90.52076124504089
-41.87553905967305 -90.71011399497512 -41.80780279794724
-90.81316854504277 -41.79280728592213 -91.03142860701765
-41.45457648693553 -90.5446480547616 -41.72101279896318
-91.37929550443853 -41.32714010574807 -90.76808259651338
-41.29282089657049 -90.94512118367638 -41.26978186951888
-91.14781949681333 -41.281952645916064 -91.42939030106069
-40.9963230100895 -91.05089514200063 -40.87501541909437
-91.03601041778877 -40.69365748656371 -90.88668284059777
-40.63370590701004 -91.0081908277749 -40.621375007735004
-91.23710207392628 -40.58905712593178 -91.42204847805466
-40.52285497965251 -91.53126525542334 -40.39381498358481
-91.49852305936523 -40.320277681114675 -91.5914340258651
-40.2556484152128 -91.70492677209027 -40.19702817936826
-91.83255461755095 -39.86807867226425 -91.34132306525665
-39.756786025674906 -91.34713714186636 -39.9042361043323
-91.9489510395774 -39.67039347924692 -91.67287042640534
-39.57993475991284 -91.72725437110464 -39.53157894388659
-91.87956886834998 -39.35194080119234 -91.72651552195514
-39.16063203682208 -91.54505381739743 -39.324641012992934
-92.19533061604456 -39.28518025953575 -92.37073688805827
-39.08207798239131 -92.16103650660288 -38.9882996453177
-92.20842564083728 -38.66646579433281 -91.7149169567151
-38.62242510654682 -91.87911860962731 -38.7439565737483
-92.43908604223603 -38.5931864120548 -92.35051703471895
-38.29074806100571 -91.89718522488768 -38.22351200971567
-92.00708493090978 -38.29710610959247 -92.45739296941973
-38.05525057723774 -92.14631401785856 -37.92522102754316
-92.10472484661179 -37.924186631939826 -92.37686079783101
-37.989254623929355 -92.81188177793878 -37.940423827268745
-92.97017056490915 -37.77057155777052 -92.83172720585733
-37.47294347255127 -92.3772234369721 -37.42151434378738
-92.52849392538403 -37.2431129616308 -92.36554169916052
-37.39212941077173 -93.01584367778214 -37.37943090627684
-93.26635643532072 -36.9901244097454 -92.57561388672208
-36.92846895271474 -92.7029385278639 -36.91845941949465
-92.96084956168987 -36.64229731305718 -92.54787865179213
-36.555070004164826 -92.61079616469944 -36.560845999003384
-92.9102097793107 -36.40276191815042 -92.79354097843071
-36.36749763989601 -92.98996005224811 -36.39731359349797
-93.35428193481339 -36.06512496146656 -92.78925434417818
-36.041854436292276 -93.01774000855912 -36.09129599665601
-93.43565728112854 -35.85652716918786 -93.11786831380691
-35.98120162773903 -93.73423489496564 -35.63920844159362
-93.13470906466372 -35.53021707222975 -93.141985789589
-35.36983760539462 -93.01393567517984 -35.361427745662695
-93.28574723195013 -35.49858402443606 -93.94427669457787
-35.278550916287 -93.65847804442059 -35.18143506665891 -93.6979867144837
-35.12425536235481 -93.8442129255116 -35.00168013031899
-93.81585835566617 -34.95419656147511 -93.98900211864351
-34.66881329025372 -93.52127478476051 -34.60371460167285
-93.64644406967692 -34.46315093333089 -93.56730101306687
-34.58697467038169 -94.20754634344675 -34.26274157498444
-93.62734175991142 -34.28560729776485 -93.99470461559271
-34.303835668063854 -94.35147603463614 -34.07236563570893
-94.02131424345366 -33.88795968569014 -93.81904982638727
-33.86696012153756 -94.06910055484786 -33.77226103007989
-94.11518317604813 -33.812682606764035 -94.53912949961034
-33.49427484164432 -93.95905274109028 -33.419599937861456
-94.06088551024983 -33.54425583908457 -94.72605630188073
-33.20774659614424 -94.08879758961895 -33.111967806214636
-94.13139271770567 -33.13517093070924 -94.51342021261993
-33.074223152137094 -94.65694938189925 -33.0381306914756
-94.87258817902733 -32.73161213261384 -94.31026769887055
-32.61783020856588 -94.30111881165925 -32.73680089671618
-94.9668722647562 -32.40855542442624 -94.33517127294269
-32.297301780273244 -94.33269909943328 -32.41518376772188
-95.00152239259732 -32.24018935912969 -94.81340719213789
-32.02949546159575 -94.51841362330416 -32.03855320907725
-94.87187237348346 -31.843791101798505 -94.62191063696145
-31.796827977598717 -94.81068115016215 -31.606545122291763
-94.57170062536856 -31.48122658694116 -94.52588056826487
-31.585994654701555 -95.17278960149416 -31.546482360564887
-95.3877506095573 -31.244872528401462 -94.80869176156634
-31.246924800035455 -95.14998871127375 -31.107639409095945
-95.06156108913581 -30.981004074441714 -95.01106762631834
-30.9371609880303 -95.2147910598013 -30.92850071559299
-95.52840843962319 -30.675857730328882 -95.0877554493195
-30.542835416068915 -95.0158299401754 -30.621088388491852
-95.6027820372942 -30.47428457421202 -95.48855310089752
-30.405604855439435 -95.61894669449907 -30.25701520984742
-95.49784419916969 -30.17500762182766 -95.58654084205034
-29.989693737546734 -95.34721049937538 -30.037698506329534
-95.85041249491732 -29.92569133622039 -95.84461086872312
-29.59962504292206 -95.15042419726409 -29.628680473245495
-95.59665974634763 -29.48160623798721 -95.47558965247543
-29.446916109708685 -95.71869675622253 -29.2592392962731
-95.46424137655046 -29.2138664135757 -95.67368377689313
-29.01933361505296 -95.39414465319447 -28.95354583812812
-95.5370812616333 -29.035527579188784 -96.17030709609992
-28.871882821005585 -95.99146923639412 -28.726097917844097
-95.87064336856207 -28.736660646154125 -96.27245339356875
-28.556617852088728 -96.03610715522429 -28.33025976769258
-95.64135412304316 -28.29666277658335 -95.89658616555678
-28.277476160588243 -96.20259107231432 -27.988339838941076
-95.58878261986017 -27.92632187405561 -95.74866195257734
-28.008101874776777 -96.40451898263301 -27.88942159706273
-96.3725975293362 -27.693384189580257 -96.07183313422634
-27.55452204176827 -95.96759488205002 -27.585043903178974
-96.45457407617438 -27.407139931987075 -96.21351227015984
-27.277998956382525 -96.14216426712493 -27.08934756961344
-95.85943028406533 -27.14593666181156 -96.44549966231348
-26.96376909901315 -96.18437942408691 -26.78314421610112
-95.92644332080673 -26.700725584041567 -96.01934805141606
-26.629846807337653 -96.15444973945606 -26.587798553892004
-96.39495401389892 -26.59274878003158 -96.80829642876124
-26.35489259540605 -96.3372620617878 -26.155531016630842
-96.00340135457658 -26.16127077809611 -96.42248620752869
-26.00410744754904 -96.24192185200438 -26.108061426680376
-97.03005894542883 -25.775297891748323 -96.19472131222776
-25.73509867113879 -96.4485854865473 -25.63142825431285
-96.46548780576421 -25.686692036216403 -97.0829986045972
-25.43646675581307 -96.54602635492405 -25.492121807062457
-97.17018875665438 -25.162482877000944 -96.32452678444714
-25.133700122118633 -96.62802389045841 -24.952485935989767
-96.34535311706607 -24.866393641084997 -96.42887732027154
-24.920352036846836 -97.05836303784578 -24.81011467256107
-97.05082621698654 -24.585695121981818 -96.59438680188448
-24.50700441004278 -96.70877461527324 -24.435262483850032
-96.85148842881902 -24.3104897071124 -96.78411634791135
-24.27960991273773 -97.09138504489266 -24.081009433789045
-96.72748041228937 -24.063979044564807 -97.09267771348212
-23.907514446825683 -96.89581930579416 -23.77721046728911
-96.80346061224446 -23.818622876359782 -97.41231477586443
-23.585753438318434 -96.89963498269134 -23.51876899218425
-97.06667551490943 -23.34773156185211 -96.8036042164877
-23.29092067871762 -97.01366654825638 -23.307151792809513
-97.53110146461145 -23.131029884554295 -97.24445989576333
-23.101196946581847 -97.57279522284506 -22.840802517818076
-96.92559098723933 -22.780001290441557 -97.12303111895321
-22.8443426404409 -97.8581868677584 -22.701400608192998
-97.70794545725131 -22.562257325295857 -97.57247087506643
-22.531981282672024 -97.90853325745856 -22.301629666083034
-97.37402852975477 -22.11692811993099 -97.0344110792668
-22.036003998434076 -97.14878712161865 -22.047530677524396
-97.67362376271218 -21.8161533580884 -97.12200748180219
-21.84094821148141 -97.71078544429598 -21.769492814003428
-97.87243133069366 -21.65323558699829 -97.83303377305073
-21.453887472561583 -97.41572596261257 -21.300127053364974
-97.20204820548912 -21.28555798240582 -97.62438396581777
-21.256697818102396 -97.98488926899897 -21.022390010120027
-97.39698971044045 -21.058412436083096 -98.06169843742688
-20.939254360791256 -98.0066715879071 -20.815186008566798
-97.92775083029778 -20.787119517018542 -98.3017778957271
-20.563926018959254 -97.75192027518617 -20.507627467012842
-97.99358145380356 -20.28791961812418 -97.45262146811206
-20.268668699208398 -97.87369912058382 -20.153344838528096
-97.83263880248128 -20.155398796409294 -98.36375135336516
-19.899536976344386 -97.63488933379347 -19.799626431228294
-97.66723384676479 -19.75771570085433 -97.98735094162917
-19.75358116375534 -98.49908911944871 -19.59470310962754
-98.2403660121615 -19.375783587510508 -97.67590031355849
-19.265674958661737 -97.65653816791499 -19.306888108089332
-98.40803107752185 -19.089104891814472 -97.84020391176598
-18.961163457985162 -97.72884862287437 -18.929313830945862
-98.11407664580997 -18.771705037636806 -97.84791993244254
-18.808059793813808 -98.59530224372563 -18.617275528967053
-98.15349588099815 -18.533995546243354 -98.27642314949149
-18.512074163843963 -98.7277828161483 -18.31996590915531
-98.27125632488456 -18.243548451493393 -98.43337899055572
-18.121919877093838 -98.35181205995833 -18.04904777200697
-98.53523285536696 -17.830503787414514 -97.92061631935746
-17.883550644034912 -98.79885072441769 -17.67865956488079
-98.25385895554153 -17.5863057901522 -98.33129071698326
-17.56404553370343 -98.80373994019958 -17.398936154331512
-98.4732542524764 -17.255009721162796 -98.25910670399439
-17.18706798885391 -98.4774592408185 -17.08473697537742
-98.50003739786042 -17.062111487311775 -98.98508228548681
-16.955850556831784 -98.9877478714669 -16.825481491971246
-98.84858863700867 -16.672172186742216 -98.5718009470275
-16.655038206665616 -99.10151762268504 -16.412452601765327
-98.28770020629351 -16.403535801588173 -98.8715273255646
-16.315438584540907 -98.98238146037043 -16.115513126696577
-98.41157308859387 -16.045166149030837 -98.62951376542958
-15.906544024715554 -98.42765230911796 -15.801259001220627
-98.43053174489097 -15.676784370571733 -98.31288439697836
-15.5911842260375 -98.43886302272179 -15.469441111908917
-98.33658348238161 -15.496566780267866 -99.18550848433955
-15.271186385147 -98.41861499089829 -15.193033332785829
-98.59626681556364 -15.141737024985696 -98.95169456571935
-14.952517917715713 -98.40422669730114 -14.896301964232537
-98.73028484648475 -14.868482857478249 -99.25033727549166
-14.697594325820498 -98.81575977196374 -14.671032098950208
-99.35203489639211 -14.486431243187768 -98.81786834453833
-14.43386590601749 -99.18291357472064 -14.304777719919834
-99.0234177245901 -14.138571618513216 -98.60245974028271
-14.096727452603098 -99.04876971297075 -13.94417803985622
-98.7178696953641 -13.912882675855652 -99.24666283554193
-13.74899953498178 -98.8302848746288 -13.675931906922626
-99.06509026351607 -13.592602244340082 -99.22841630046578
-13.522087168021649 -99.48836582057851 -13.302011493794435
-98.64311365686387 -13.228402616578913 -98.87896865482445
-13.097351737441038 -98.68557726199852 -12.99380399524066
-98.6977401367937 -12.886992095375273 -98.68488346576348
-12.89722299705802 -99.57524262322148 -12.744715702743319
-99.21327647339022 -12.624908931991582 -99.10172747606508
-12.471982126448818 -98.72590429762387 -12.395600213133026
-98.9545360682227 -12.266730169046012 -98.76425884254114
-12.253437248646748 -99.50906498273436 -12.176659735560921
-99.74657795628181 -11.97230820020851 -98.93382397016555
-11.898140486604591 -99.19175827926665 -11.852490292340443
-99.69394642783075 -11.669985260562461 -99.04347287963009
-11.644215670102524 -99.72325957686185 -11.44334634997908
-98.9019526119835 -11.385047324080674 -99.30882236163492
-11.3305393607655 -99.75644777005519 -11.133751765455274
-98.94782193178501 -11.041056427094198 -99.05747603611296
-10.959417446974255 -99.26916138188314 -10.830023921462749
-99.04798040406862 -10.752602471634182 -99.3022196602328
-10.633455823764114 -99.17211385707408 -10.518496855903031
-99.07863531541575 -10.413035093047737 -99.07341094986587
-10.349198145133087 -99.4679215783686 -10.28932037305177
-99.90876261914865 -10.133888295776181 -99.42107453072836
-10.034522933935198 -99.47875853697747 -9.885011756426255
-99.03504622950472 -9.798680013466514 -99.22136276749394
-9.728970210925453 -99.58162542863951 -9.58866996511294
-99.21911009206529 -9.480666970329173 -99.18624742491787
-9.450653229929307 -99.97746813851137 -9.282414350500762
-99.30755589021265 -9.216926690069718 -99.73395065588798
-9.130568693690913 -99.94153790629989 -9.028280935930376
-99.97735333554057 -8.85776192803144 -99.24927626354899
-8.793449939481292 -99.70781695586601 -8.686509962915549
-99.68803478598487 -8.552833260292896 -99.35694822187402
-8.488188749468746 -99.82930894802674 -8.329237217124343
-99.19024056221356 -8.277452988585454 -99.82714590307548
-8.178576589857588 -99.90498257411002 -8.033117287909576
-99.40817281317925 -7.918352337260656 -99.28286488953925
-7.87036392963776 -100.00245543818107 -7.778405367859174
-100.17507735361453 -7.634243466756917 -99.67067076719468
-7.506037431563868 -99.3631945243948 -7.419506993400131
-99.60629292154913 -7.31498082707633 -99.61108500184714
-7.20694941893477 -99.56736709410794 -7.133789559375906
-100.0110121053217 -6.991028835707675 -99.4773513941 -6.9287785899288385
-100.09026355863335 -6.786419961519604 -99.54679953523505
-6.685933036047365 -99.60989868828582 -6.5718555772865095
-99.46908305278912 -6.469771747301552 -99.50795622782108
-6.359425966172804 -99.41872336587998 -6.267702530418206
-99.62227893774048 -6.1669242937116 -99.68616243476436
-6.061553089544545 -99.67650425246718 -5.959648008669238
-99.72428256370877 -5.852121223459824 -99.67779478595553
-5.781664060311408 -100.27229340778392 -5.651705525912475
-99.83754195935637 -5.526700337638903 -99.47528075310775
-5.418145935160369 -99.40063825369033 -5.351227446745639
-100.10169385358004 -5.235223309690382 -99.89401156298385
-5.132538282847663 -99.93695220136311 -5.03144823767046
-100.01316531418183 -4.897194276693526 -99.41913379385505
-4.803401483220852 -99.63830619221416 -4.687245093013913
-99.3927921620801 -4.592643605055032 -99.60335183638284
-4.511383093726609 -100.11956684402689 -4.4083253011673715
-100.16489973034892 -4.273772629571305 -99.47912601559513
-4.202967170023519 -100.2797587562993 -4.0917314371885904
-100.1318728990696 -3.971416306560249 -99.7479265663388
-3.8819166916199817 -100.13789565332374 -3.7606205084941053
-99.70629534072607 -3.661614670668286 -99.85767370813507
-3.5719990152770986 -100.28136190272396 -3.4588675287213273
-100.05031075132081 -3.348858016514984 -99.89771016645373
-3.248605109996199 -100.03546902865631 -3.1404866481625913
-99.93190549047183 -3.0334755370831843 -99.85742012853038
-2.9324319960091128 -99.98084739171652 -2.838630536053739
-100.36926320587112 -2.719586379150104 -99.8604586140847
-2.6204684806357488 -100.07165391189558 -2.5221048872925094
-100.33023492590328 -2.41751001080122 -100.35241672018027
-2.3120408752838326 -100.33844433565395 -2.193681898769655
-99.73686688488274 -2.089188211192514 -99.73680354644688
-1.9801057530216342 -99.50590449622295 -1.8798304573076765
-99.7162915488446 -1.780392207390256 -99.99821840442179
-1.6708593916443084 -99.71274225796303 -1.5750732968624503
-100.2640331709232 -1.4644136469785294 -99.87941655711829
-1.3679703442131232 -100.47959640216223 -1.2515210464616744
-99.58763804966557 -1.1558120711494788 -100.33367345664476
-1.0433392320688222 -99.6279156956803 -0.9471562857266812
-100.49342757245223 -0.8374889970015098 -99.96554652197706
-0.7320282764148219 -99.86042731776566 -0.6278371991478615
-99.92207875874037 -0.5242859266412866 -100.13032112893679
-0.41731219863549124 -99.62536615962712 -0.314588070951022
-100.13616362312416 -0.2101621157373136 -100.34487198985265
-0.10519316323316971 -100.45203472883446 -1.8306391617954565e-14
-99.65535440204849 0.10428288390821223 -99.58278232164893
0.21006639915079872 -100.29917075305386 0.3151498994820828
-100.31499861056682 0.4201615766538162 -100.30560107570089
0.5243357663468248 -100.13983972453835 0.6279567581683465
-99.941106917429 0.7317568613121366 -99.82340193363194
0.8367800443038261 -99.88092350707967 0.9410019680204691
-99.84045351739552 1.042658348904285 -99.56289851964931
1.1525167708883934 -100.04761520497343 1.260086961805507
-100.26925605300728 1.3650218987402458 -100.26302839513046
1.464077121543539 -99.8564640503801 1.5747769416715054
-100.24516816524329 1.668324370143241 -99.56145846543403
1.777182606799642 -99.81794669826392 1.8917697442516461
-100.34961537502569 1.99249697533458 -100.12859840142752
2.0926562224314944 -99.90236467387356 2.2082595927382993
-100.39964917964406 2.308415274674927 -100.18109974509147
2.4012051196543824 -99.67559005819275 2.504160881818152
-99.6164159670562 2.620219924813695 -100.06216194800344
2.720242862531656 -99.88456401925241 2.822267682099112
-99.79069985480865 2.9350555481305247 -100.07029702418397
3.0440538632244585 -100.2056426029945 3.1378911633044644
-99.84931582313719 3.2418268637484036 -99.82674404681725
3.347618921614522 -99.86074749362254 3.4629088728456576
-100.1672096299652 3.560347751267589 -99.95426085433036
3.6547891864578688 -99.67153261015685 3.7804038338719583
-100.23081571668378 3.883937008540875 -100.19001173439563
3.9618829964614872 -99.50848354594838 4.070968428339092
-99.6237655134722 4.169008464716306 -99.46952859314986 4.294154607439205
-99.95355025864967 4.391089145529132 -99.77326397679415
4.497063884349106 -99.80178557592434 4.609048681077133
-99.95913832875013 4.7100942852906185 -99.87730811419416
4.822764434655237 -100.03995733267105 4.9155457024819365
-99.79169055854406 5.013018754102056 -99.64683122910108
5.111146598782588 -99.52042930565135 5.256213918162629
-100.29453623240038 5.322632422983416 -99.56678661167051
5.427530689642877 -99.57280980399236 5.556566873993674
-100.01284962920259 5.633700214795621 -99.51947761650011
5.767121464256348 -100.02007891670857 5.84946677157741
-99.63258213572193 5.938406365231217 -99.36884082465882 6.06806978748527
-99.78366518307502 6.189638606647768 -100.05333131524995
6.291416325783189 -99.99919892158663 6.38641990402811 -99.84072731001937
6.481325168173982 -99.68565296015765 6.617471881988996
-100.15951392846125 6.688500785069765 -99.64815411480639
6.805305627254882 -99.82382447499755 6.890673550406048
-99.53981395207668 7.014649256158397 -99.8134531211098
7.0985240483575955 -99.51661296164168 7.18366892506419
-99.24573621471664 7.345740258763501 -100.02994876059572
7.4196090871039875 -99.60766352142652 7.546407572774054
-99.89760515458588 7.603544985538924 -99.26987948671595
7.731930136472763 -99.57654080544305 7.812326571924823
-99.26502088873434 7.978068716677652 -100.03160818572411
8.078138248863846 -99.96529793738078 8.156669793679631
-99.63738122974961 8.303869409098132 -100.1457313264414
8.361521310846024 -99.57470158056546 8.459456160324175
-99.49138591129336 8.59971433323271 -99.90155843405897 8.653745287373019
-99.31202115920311 8.784730968933907 -99.60895365131981
8.908108945128765 -99.81340352837515 8.974508685077732
-99.38189032754497 9.080788554075273 -99.39665358668337 9.22914466214533
-99.8661581329651 9.265575743472782 -99.12740869516198 9.410307323042684
-99.5506530261454 9.474659463316005 -99.12339719730453 9.600298311648658
-99.3394348294186 9.72886531332976 -99.58055174120278 9.844748658113026
-99.68785352914755 9.895397443680341 -99.13909739734157
10.064081374261988 -99.77179059912541 10.143334207662228
-99.51374603866559 10.193705435381048 -98.98034657569407
10.35295381652943 -99.5040179814601 10.430712248317102
-99.24159784761285 10.55774082317212 -99.44829257487538
10.610605101173151 -98.95899833752394 10.812850915942445
-99.85862489019205 10.912747240717064 -99.804541771234
10.927896286998953 -98.98364628660755 11.103075064074932
-99.61389105736397 11.162920650166805 -99.20705149529513
11.231583743678614 -98.88522173807475 11.403846547718018
-99.47280312584245 11.467838883599272 -99.11363539474395
11.55785212765757 -98.9836259076466 11.737991224360131
-99.62064128907217 11.795237858904008 -99.21238340680387
11.892040104005156 -99.14090094766237 12.006215847569305
-99.21402166965107 12.162081065587236 -99.62715502153496
12.270539959610621 -99.6479545646659 12.369835855583482
-99.59440319013792 12.464397914995416 -99.50375067286471
12.570148026253067 -99.50296740845175 12.575849699393007
-98.71662729630495 12.768091744239706 -99.39525100479064
12.817877881262524 -98.9626449222976 12.895352081766498
-98.74890184000405 13.032799698871363 -98.99394191302551
13.160046859022028 -99.15797079534526 13.281708872595626
-99.27741945576781 13.360621919070875 -99.0777482867258
13.479213275627503 -99.17292239548769 13.58388252000708
-99.16476076044607 13.730922057771604 -99.46342540400508
13.811349907847868 -99.27847058419341 13.834516648034226
-98.68764376507721 14.004069971596172 -99.14187488924593
14.121495118772545 -99.22279640611619 14.165227529579438
-98.78835817957834 14.299958563657704 -98.99005758904903
14.451301402141056 -99.30272231594216 14.568131659911078
-99.37518027926747 14.583864421219285 -98.76173653828435
14.78045125952877 -99.372828546299 14.74450515031792 -98.42275927925297
14.962056745033225 -99.1660969194444 15.056968374242976
-99.09162707089114 15.141437927627639 -98.94973995573251
15.297504119776193 -99.27423739345407 15.327643360761867
-98.78246474077746 15.481774058002253 -99.09082792053576
15.562903808385347 -98.93070981106139 15.71906104654368
-99.24624549188476 15.733089323955587 -98.66598629862848
15.870142509462221 -98.85962668879094 15.89491642452191
-98.35570221189587 16.03939399350201 -98.59403236948116
16.240695733234812 -99.17601770391012 16.226684171020057
-98.44392684452377 16.427038063101623 -99.01318608252768
16.467752628040493 -98.61887023528433 16.645461703776128
-99.04453510735928 16.610367782974258 -98.20639137006152
16.704049596231915 -98.13518429758021 16.810695123061084
-98.14033479524853 17.068891253328236 -99.02441479702964
17.156596640778517 -98.91433582923871 17.113353600235296
-98.05509483838783 17.336099044721553 -98.72087198983749
17.418574131425647 -98.58439987047542 17.47194388517994
-98.28563678957218 17.620598306157166 -98.5230323710265
17.760513908366853 -98.7087862700399 17.748753727744035
-98.05415630238568 17.862123137808577 -98.09426179315514
18.07498056168499 -98.67680782939301 18.126286350794622
-98.37550991337015 18.19689448125745 -98.1816566928977
18.395596276241275 -98.67694983035878 18.494213446208526
-98.63252881943019 18.532425237822476 -98.26809659656573
18.564209316724526 -97.87372163386628 18.781674348860577
-98.45698489741163 18.845358673369628 -98.23184110728953
18.849510917475744 -97.7004436299121 18.99521039298327
-97.90433193453293 19.162966817115162 -98.21877932814638
19.26874070016581 -98.21359211441997 19.420872267884715
-98.44322391778958 19.510067259771116 -98.35284215316051
19.651351320263412 -98.52437852899725 19.687356880108368
-98.16886891467999 19.691302451784832 -97.6579779289655
19.83592727173329 -97.8462979665225 20.041245803035814
-98.33016810475634 20.147823198634125 -98.32678040461673
20.168505206976988 -97.90623347683733 20.293690519564905
-97.99452492090495 20.443504283074976 -98.19996933546855
20.40601426614411 -97.50803325998517 20.492457888164903
-97.41219200456362 20.702837337806255 -97.90320953926448
20.70437079639174 -97.40640624651137 20.923224733860497
-97.93164454275991 20.904216054349476 -97.34365954766747
21.01082525456572 -97.34341005669124 21.2254949208314 -97.84105637171035
21.258148373000537 -97.49867214585315 21.45582912898172
-97.91258672114581 21.571694190311113 -97.95065125051315
21.562978705637406 -97.42523769625015 21.688797804565926
-97.50963846099364 21.73122489381936 -97.21991153870823
21.84089411871353 -97.23214937066327 22.069793267518133
-97.77225012912251 22.13550004619434 -97.58742928033286
22.25628621305699 -97.64582195976013 22.36133968144522
-97.63473614737948 22.389096368134613 -97.28765344083408
22.58519478242175 -97.67166593055668 22.719018396904687
-97.78377328691843 22.716021675835034 -97.30849904652872
22.781599946060307 -97.12984702196533 22.892704006640052
-97.14583642184114 23.05889464983231 -97.39412251823417
23.241448920867786 -97.70866921122013 23.147998452665973
-96.86510843792392 23.25929519956108 -96.88193694719679
23.360557987091205 -96.8567847230848 23.503990571693283
-97.00568201023734 23.57958066678357 -96.87427478760068
23.66374090439014 -96.7788855686039 23.80905303382457 -96.93310032080711
23.873578621021245 -96.75827930127174 24.17687757923495
-97.54819760155866 24.071795660610636 -96.69047095605853
24.26478912341353 -97.03211840230189 24.257679242446613
-96.57386907530699 24.506113654160046 -97.13231378545255
24.44726146995432 -96.47301889290081 24.660971192867304
-96.89013788282672 24.67304789739799 -96.51465603188157
24.791837263394576 -96.5578310421898 24.950915539909214
-96.75664305623793 25.147571471783117 -97.09860811868207
25.109629419433876 -96.53548262423939 25.262820679584323
-96.70863003052516 25.352745176038407 -96.63891663864976
25.51174004495691 -96.83173179614246 25.61982409726651
-96.83027084912725 25.789644545018064 -97.06094473895841
25.836446318349424 -96.82841061722849 25.86031970703521
-96.5120270466303 25.93873061821461 -96.40074457167348
26.033314066317097 -96.35001635694788 26.17168905536834
-96.46088480846453 26.364096965861698 -96.76893888161744
26.333165845980847 -96.25784244186194 26.594333482918298
-96.81406538435441 26.720233037052942 -96.87509966748813
26.69352796223747 -96.38438821610106 26.718777041149217
-96.08426348367286 26.862431665485513 -96.21041905412837
27.087588851384062 -96.62606567345775 26.988741489508648
-95.88700845509787 27.104873618404824 -95.91437137070068
27.41729319708986 -96.63311119446216 27.304701449905057
-95.85389918476716 27.515711961193944 -96.21214622441859
27.544777099049412 -95.93365494603654 27.829117632217564
-96.54270951981071 27.69982062027356 -95.71742658706063
27.916229094272225 -96.0882907979551 27.88404526436973
-95.60371164986414 28.21250420662637 -96.35437283125162
28.291038241936754 -96.24873052827758 28.30022950830393
-95.9086737180175 28.290961495796477 -95.50868538051643
28.606816132721672 -96.20492432688123 28.54324173394704
-95.6244688055133 28.760975740713917 -95.98704481394427
28.93068131891233 -96.18695888415824 28.950630010195223
-95.88911278132291 28.980722586775375 -95.62675550251731
29.195705079047805 -95.97392381601802 29.144735110463216
-95.44728285003771 29.44137617038617 -96.0585001109571
29.365962235635138 -95.45555207598457 29.49309985243453
-95.5128114920096 29.601370294090664 -95.50854370936683
29.641841188711634 -95.28613146294838 29.945002304204674
-95.9064591378629 29.789405687203363 -95.0581091455861
29.922667961636915 -95.13411326602308 30.086594203432387
-95.30647023082314 30.318140068972657 -95.69076779830719
30.253412294254176 -95.14033452860241 30.28736010041265
-94.90284131827048 30.49147192667847 -95.19810359510521
30.609706916980585 -95.22386076219657 30.592622510017023
-94.82974635489227 30.891161390852826 -95.41307901265112
30.951670325969733 -95.25944621031293 31.097845068196392
-95.36939002066299 31.15485887594743 -95.20585864169745
31.23732542567833 -95.12075766317649 31.42728808266368
-95.36220914400549 31.45421711937454 -95.10876629314448
31.519477753733394 -94.97236535999157 31.654537332245962
-95.04626533683923 31.802600793380282 -95.15832969730111
31.948699957699834 -95.26352776401805 31.824938539828896
-94.56589138258751 32.12778069539694 -95.13609088045193
31.997627804908916 -94.42437279273473 32.09917613592415
-94.3987091268651 32.389152338518635 -94.92523020119465
32.38114686035433 -94.57759053847886 32.44323407332256
-94.43611425667984 32.64837271318179 -94.71034909265988
32.65162013287282 -94.39880856129447 32.62781121418577
-94.01118397623927 32.74817412847613 -94.03994634925368
32.89059310063555 -94.13140837644558 32.93166941357124
-93.93296072311296 33.24334774680643 -94.50488235309838
33.37937485154085 -94.57507858841909 33.54497204849696
-94.72807881486928 33.45051071798497 -94.14788521568138 33.5334173194406
-94.0688562867132 33.66985653210353 -94.13979257253833 33.92839359765887
-94.55028715633415 33.77645209838131 -93.81770484939487
33.986548661501224 -94.09199408504864 34.23135575713265
-94.46004105003388 34.27814103815902 -94.28080387187453
34.21412741713546 -93.79874103800861 34.453865593255344
-94.14961268613077 34.295527065896486 -93.41370519463578
34.72605980223451 -94.28109741906906 34.52688672931416
-93.43852832610298 34.66367283836961 -93.50740809687754
34.959982652034796 -94.00456044729572 35.077008992562426
-94.01776414544582 35.224289713124335 -94.11148250366034
35.24287370725535 -93.86161497238328 35.11371567274853
-93.22086885592176 35.281606037727215 -93.3700611144304
35.51676385159542 -93.69553398655358 35.380238359712145
-93.04128708979054 35.66096737590789 -93.48474595067722
35.89001257206097 -93.7901268122713 35.92308161626957 -93.58282708864677
36.0580820366466 -93.64129768881234 35.902791134468025
-92.94764278309414 36.06728071997162 -93.08336081197402
36.05725766500719 -92.76901316733641 36.167959018589265
-92.76601786982789 36.26266394474311 -92.7219052847488
36.356883679427824 -92.67659369199976 36.66864345240329
-93.18414993948447 36.86832781622409 -93.40442220279262
36.877183961394856 -93.1411346051938 36.85850129672982
-92.80987473451744 36.89111941732276 -92.60917857025731
37.041530781838574 -92.70426921108633 37.19510993908589
-92.80645256285071 37.4760194645701 -93.2245267416567 37.44535309321439
-92.86711146123376 37.434409312139245 -92.560378043965
37.446070554813495 -92.31097709237737 37.709132787278484
-92.68072427031919 37.83768054616904 -92.71840583998879
38.02813746545554 -92.90687678972955 38.010856459403506
-92.58797373914975 38.003320009275974 -92.29439507208234
38.21119950914572 -92.52392601705354 38.12138151372879
-92.03315626684297 38.19005235338411 -91.92654483189791
38.39120959463812 -92.13829130486 38.686376831261505 -92.57351451682726
38.467295061367544 -91.77900019636078 38.68338832603435
-92.02414437791272 38.98957431500439 -92.481314157303 39.100725572617854
-92.47431612213214 38.90110807071288 -91.73428400269806
39.24378886436466 -92.27341383525527 39.192045758836024
-91.88446539311545 39.52524231124553 -92.39739621991743
39.32345135461516 -91.66010869142872 39.45786847019664
-91.70825047620289 39.79410021288643 -92.22358689670321
39.800651190952465 -91.97387823802369 39.678640381399 -91.42912427159962
40.04587021576973 -92.01135112387928 39.97002716335791
-91.57489614856364 40.23830106426852 -91.92684503225321
40.00585039566425 -91.1358709999852 40.27082201008422 -91.47909065694755
40.24312592529239 -91.15718797426463 40.44936880591299
-91.36527787707767 40.43357148249892 -91.07183546405304
40.49939712783056 -90.96313527005836 40.816610257925255
-91.41784566234547 41.06325598277915 -91.71215745700405 40.967731801153
-91.24250647501228 41.019913427645484 -91.10328834406245
41.2916360852011 -91.45083674177161 41.22533359504224 -91.04965170635232
41.190199449088844 -90.71910320344114 41.344699282860944
-90.80664836308793 41.33830913802317 -90.54108021249019
41.77952688857382 -91.25440128938621 41.5337453694767 -90.46715025667004
41.77971797159327 -90.75216385456538 41.938982175316106
-90.84754344379897 41.97319779226587 -90.67202399060226
42.18642378060822 -90.88287019699492 42.2103770536361 -90.685684052439
42.09241453152228 -90.1852708751391 42.20480061922334 -90.17953351035521
42.6438986883418 -90.86977664913178 42.679791684011846 -90.6991741363404
42.712846202965096 -90.52323854077049 42.69000747347536
-90.22987674091475 42.92719046519774 -90.4859565955244 42.9993672725439
-90.39353572611988 43.15434861012193 -90.47497335137088
43.202426230505196 -90.33220468176746 43.33538195192601
-90.36695506634153 43.13311214972552 -89.70410629099456
43.604251149052345 -90.44130501720676 43.70573664175751
-90.40965862339017 43.7049712248658 -90.1669848315173 43.635422822874915
-89.78383173387874 43.72904566062526 -89.73731882261016
43.68555587565621 -89.41018459770162 44.05184316207172 -89.920999613602
44.02865598581784 -89.63595643457242 44.352409534479555
-90.05663033199089 44.20621247610153 -89.52313341282084
44.149435910742326 -89.17281110045667 44.66782151313457
-89.98274294654819 44.51312221976326 -89.4358183796579 44.44710506986638
-89.06922728085128 44.5898730878725 -89.12160764471876 44.79770774607992
-89.3031796320137 45.08154296973219 -89.63467103526527 44.97478598981939
-89.18960732046887 45.16367269324093 -89.33137915249057
45.296323852459984 -89.36122783159244 45.45645294982771
-89.44474457184987 45.39833509660484 -89.0992493930399 45.4487311517427
-88.9677132516686 45.38194183886511 -88.60780664565976 45.8967328160263
-89.38211353650911 45.63706711435406 -88.64784714889159
45.971049762320675 -89.06727723297814 46.18472489945979
-89.25181687937271 46.128561615066396 -88.91503787593301
46.170495222416726 -88.76833620405168 46.271429282083695
-88.73528230835699 46.121896776889244 -88.22305158307108
46.61604683793881 -88.94129849195315 46.30951957398577
-88.13187515138658 46.7619399984286 -88.76700347889943 46.67023268863416
-88.36838006427766 47.009955075101324 -88.78635492170791
47.08517060826287 -88.7036656114802 47.02959619265106 -88.37537158489133
47.23014442486299 -88.52856158991179 46.9708642380183 -87.82099519372203
47.393206012394124 -88.38795568286594 47.41662998094384
-88.20971163387004 47.261541946165764 -87.70085604325261
47.69355188137129 -88.28101993851287 47.52230048115726
-87.74418681453474 47.9374695140432 -88.28983570108124 47.84356050742404
-87.89724784430841 48.06847806353084 -88.09064789817036
48.09405124196731 -87.91842501874886 48.270971578541996
-88.02279046049338 48.19741518384645 -87.6707727558187 48.26319762387925
-87.57307622781215 48.39623975758007 -87.59735302128311
48.53289861732938 -87.62778996431481 48.633006811034484
-87.5919956310867 48.76203717178682 -87.60808967307489 48.54909606279234
-87.0109632983365 48.75913458796042 -87.17273224295465 48.77260593164564
-86.9828922343849 48.95497849775582 -87.09421853801575 48.90249921683681
-86.78795466983459 49.31064542408518 -87.29841739575582
49.51506343657584 -87.44634238998572 49.32917681770299
-86.90567474017762 49.42792574662119 -86.86762268307977
49.547940317752996 -86.86678663161669 49.66743985040833
-86.8648019815272 49.88508398869741 -87.03380628278101 49.91558879087497
-86.87603083285433 50.08304243236039 -86.95654272861019 49.7700530096728
-86.20426050814957 50.33496334246471 -86.97225296185371
50.229406698700345 -86.58060391108884 50.425136322010644
-86.70866441592317 50.16576874796788 -86.05517422963098
50.400114922175106 -86.24945973192234 50.58101781282903
-86.35132245084446 50.569917679209205 -86.12544374496693
50.638480426654496 -86.03574126116317 50.72456177604085
-85.97590732880613 50.83214469546742 -85.95246262553742
50.76199572148992 -85.62906466179847 50.91701854538588
-85.68588506060775 51.039969053784255 -85.6883369022205
51.472845149340024 -86.20960381363396 51.34173502363917
-85.78578808651795 51.56323080373815 -85.9514908752152 51.49452866301955
-85.63356429187161 51.675817228699124 -85.73162831578482
51.88144394705654 -85.86925536651907 52.03728633406583
-85.92377254568582 52.132686556628485 -85.87820926581502
52.06854806371878 -85.57041457664693 51.832107351271404
-84.98131354372721 52.263286549540226 -85.4867482225348
52.106036747176994 -85.0293239754756 52.503512287032756
-85.47689448888015 52.482748298943065 -85.24280323481068
52.450682233296554 -84.99123643918553 52.640405191147956
-85.09913590413933 52.87657008022583 -85.28117714130941
53.015457671329926 -85.3055847207742 52.87474758161576
-84.88077663742322 52.84910030717438 -84.64197074740225
53.16101166182017 -84.94338664051949 52.89514810792775
-84.32209122127645 52.96439799154107 -84.23639851857844
53.463602053091456 -84.83307339009394 53.56091557671288
-84.79050528892176 53.635538506083414 -84.71203706275804
53.432337586828346 -84.19589160556725 53.625432170458545
-84.30489036316968 53.51896360186576 -83.94326912215398
54.04302694240248 -84.56975040633687 53.68293073645772
-83.81268840074159 53.876056013015884 -83.92058183209471
54.35585244558541 -84.47322933750928 54.42146545932054
-84.38088328402208 54.11339554750159 -83.71063122225722
54.27775064827063 -83.77233260905955 54.27712210653845
-83.57943866854446 54.78981996720931 -84.17581120540702
54.575613847157356 -83.65497771472414 54.47426881559388
-83.30886280145504 54.91831532772396 -83.79624371258767
55.03145312576787 -83.7773806870559 55.03043938863617 -83.58495797449132
55.20462754890313 -83.65865444699114 55.35930069490195
-83.70224679996849 55.09950143435384 -83.12012724157395
55.53501236448704 -83.58691321673744 55.1617541333476 -82.83678514645104
55.32093620628237 -82.88755032592292 55.42213679152043
-82.85114643621934 55.63889885216738 -82.9870079674446 55.72620986686049
-82.9293489922495 55.68653566182101 -82.6831397356499 55.89201835023938
-82.80096441656336 55.90304852014062 -82.63057315814338
56.21637547353977 -82.90650524462572 56.351480903119835
-82.91868612922316 56.096610168156175 -82.35800511800932
56.35333052583307 -82.54898090603861 56.38757650240713 -82.4136757707329
56.4649586856131 -82.34161715612568 56.674172879908966
-82.46143323281062 56.53411312106224 -82.07338883060291
57.06498707609711 -82.65866322756814 57.05090101730412 -82.4534450893637
56.926529940513184 -82.08984219836789 57.239263908998254
-82.35650762776058 56.96656378802681 -81.78126680638212
56.981966734767376 -81.6210022614544 57.58589043457998
-82.30230506661408 57.37499684021813 -81.81835625300131
57.57922309488354 -81.92694751436058 57.72823769041502
-81.95640492371922 57.65660187699672 -81.6729030345417
57.777730096050355 -81.66284281663134 57.78284805267162
-81.48895415627183 58.12510510424801 -81.78996843365135
57.88294823128648 -81.26885193839396 58.125686394065546 -81.429068082646
58.2864661175624 -81.4737443824759 58.29423264812205 -81.3045421991109
58.2738730686523 -81.0966756868122 58.67864550535761 -81.47978503622426
58.31323206348599 -80.7938315688762 58.561399932984486
-80.95888249792785 58.78674875894298 -81.09146023120337
58.89934848817962 -81.06799838666161 58.93381683218102
-80.93706644128784 59.19672578694018 -81.1194791555825
59.278998508149996 -81.05383027679457 58.93059989605612
-80.40062044931742 59.143244375387034 -80.51377072844762
59.228069916812785 -80.45253109595899 59.28054985003661
-80.34744756410994 59.19677479019189 -80.05827960675528
59.51329907980501 -80.31028917646206 59.35502695365003
-79.92161159256884 59.964841429511345 -80.56632961079984
59.75797670942883 -80.11309918845906 60.05336922544802
-80.33344213631986 59.7470515188282 -79.74939774461677 60.27679143407836
-80.28114866799535 60.01278647294885 -79.7554439626632 60.26979480552263
-79.922658711422 60.06191003844232 -79.47372710002254 60.19549627380536
-79.47732370922968 60.39582297479661 -79.56855830672083
60.811378619035864 -79.94206044877014 60.92944581816728
-79.92343975640156 60.93897779562396 -79.76256228806793
60.75892466114491 -79.35449671789623 60.85936464392099
-79.31346817895285 60.954096913436445 -79.2649190690332
60.926599899483016 -79.05770046558268 61.26876898946654 -79.329739017613
61.22085482673304 -79.0963440026505 61.22200411952602 -78.92693212520636
61.51390501092519 -79.13199993160654 61.6668923516556 -79.15759157606387
61.64221387775304 -78.95522896305118 61.50535926323996
-78.61008761925427 61.721808833286104 -78.7167407059375
61.77901382326529 -78.6200018400291 62.149415170799 -78.9211166519386
61.80635976227276 -78.31661538075944 62.160072374393366
-78.59542990535931 62.353681611906424 -78.67076703958391
62.36783391243154 -78.51956853233733 62.28524411735353
-78.24720419810339 62.52195053481863 -78.37599023092304
62.32962808563954 -77.96727714772035 62.44430135052426
-77.94322899297065 62.72985570201105 -78.13184107846091
62.91661006745444 -78.19656990008174 62.55188954966432
-77.57680113052614 62.69006927317038 -77.58176452153876
63.09202600478746 -77.91216351334754 62.97036275567389
-77.59563422104914 63.20070730763691 -77.71301198157214
63.036455099301406 -77.3454376414787 63.52924106146119
-77.78361133157948 63.03130953793729 -77.00921183462358
63.18067541865451 -77.02698828683343 63.57629614281688
-77.34398925763328 63.685559289163095 -77.31172934260655
63.46556910634769 -76.88047421549614 63.98075192043364
-77.33944349487504 64.11420034425393 -77.33571964803328
63.75520276846682 -76.73899309390659 64.11136004646983
-77.00348490816475 63.97529994954467 -76.67662753136128
63.84179212394989 -76.35392669432117 64.15956647411976
-76.57089274617786 64.32416986936252 -76.60423975858362
64.57490041092922 -76.7395111501754 64.2948881959972 -76.24453684158564
64.66930507279545 -76.52578833376327 64.36483335974148
-76.00390860494248 64.5850971532981 -76.1022640577186 64.75228325793964
-76.13750613043636 64.86155959136758 -76.10436421301536
64.70574682485127 -75.76069559486504 64.9964329949963 -75.93987051140209
65.23985646997335 -76.06289605629341 64.91572366833118
-75.52480122249784 65.03835612781113 -75.50737363983606 65.3740651177041
-75.73658338864894 65.69310814313233 -75.94526852692911 65.7800773624776
-75.88505716785973 65.90417387269328 -75.86754936849373 65.6579629963683
-75.42443437497289 65.68732691692634 -75.29879656930386
65.82494355924939 -75.29722902725851 65.70518870124798 -75.0015912432254
65.81414781275254 -74.96743291755443 65.88613500013255
-74.89110300308107 66.3781261092272 -75.29120493171537 66.30513561084547
-75.04983370129884 66.28135277766063 -74.86476672420864
66.43685365658341 -74.8822609143548 66.3172843994942 -74.59000492002414
66.85479031405175 -75.03617170790417 66.41916992030228
-74.39025355410011 66.54102852205165 -74.36982855656737
66.72062529712926 -74.41359184497902 66.82731404017571 -74.375734024698
66.6113533561574 -73.97940266705804 67.17319870810628 -74.44646795160426
66.77201300632242 -73.84621502134267 67.26676772363959
-74.23696811501148 67.26732632035976 -74.08152571268278
67.04440386762658 -73.68083779928213 67.10490060857718
-73.59235656769857 67.7748751064552 -74.17094736180194 67.52820683633963
-73.74577058094202 67.90178089114288 -73.99800893611572
67.87080445296125 -73.8089453548194 67.64334881276737 -73.40715575101036
68.05374124961314 -73.69749955711649 67.85771608101281
-73.33099687980653 67.97985623765807 -73.3088393727256 68.03731087839519
-73.21686642688422 67.84824064936306 -72.86024448336356 68.3677448634436
-73.26414075174401 68.47385148539615 -73.22396920015481
68.05848111862767 -72.62718229539816 68.3247416604652 -72.75845988652877
68.72799482427226 -73.03446450781854 68.40947387640497
-72.54361927604626 68.73060213579099 -72.73141256105534
68.84855211535358 -72.70356350755681 68.84566191005199 -72.5481902326254
68.59899125290072 -72.13681272099295 68.76686621871995
-72.16186792099363 69.32712460252101 -72.59740975404615
68.82434392049173 -71.91997212813266 69.23225925688446
-72.19473241871458 68.96937121426114 -71.76999731491473
69.62544342964489 -72.30101095738166 69.52367555417787
-72.04418359184271 69.81009620318942 -72.1895457091059 69.51819586502397
-71.73721315110713 69.90155803346585 -71.9818261328885 69.95725848479502
-71.88840337215058 69.50658802152134 -71.27580487546405
69.63882396664528 -71.26195623098079 69.89528712371033
-71.37471722948959 70.28908486400118 -71.62664874633188
70.18975531621041 -71.37575954644034 69.93447444918172
-70.96735732206383 70.20875863143097 -71.09661818264878
70.22256992407321 -70.96181639782371 70.53489903094324
-71.12829992169557 70.56869212385295 -71.01348712136682
70.90433653746601 -71.20196371190741 70.89743892638772
-71.04608188812803 70.50165352079316 -70.5016535207932 70.80542321079028
-70.65728375631757 70.7359810823156 -70.44030173467796 70.76213249701834
-70.31891186634729 71.24787185723359 -70.6534734156732 70.75130345848208
-70.0142500084731 71.41161938821604 -70.51982607986376 71.3790257100507
-70.34015127649491 71.45844689301707 -70.27106870132677
71.25845717874219 -69.92776894606426 71.32479330217917
-69.84639800205576 71.23552645879434 -69.61299618489298
71.25890781418069 -69.4901103811854 71.59460121579464 -69.67134876317851
71.81664345971834 -69.74114912423094 71.63587647080665
-69.41999378997828 71.9178900184037 -69.54739459292458 72.08398947808513
-69.56208880813264 72.35214276684223 -69.67468305796967
72.35829524606616 -69.5347124420188 71.9998197920577 -69.04534476812536
72.16412310735383 -69.05798598771196 72.32691994744236
-69.06881951161418 72.30391594016517 -68.90223130020168
72.65039296979249 -69.0873838733417 72.43409023832464 -68.73738505839839
72.81431123902956 -68.95342759317197 72.48137010326857
-68.49431401655823 72.80373072811363 -68.65476199082123
73.18084721534494 -68.86574609051415 73.1951373710671 -68.73480911332992
73.24849409810878 -68.64070854721737 72.833859139241 -68.10904828412541
73.09287248065004 -68.20792280941806 73.37037087150149 -68.3232758100245
73.37861231869904 -68.1876144363287 73.53143821651982 -68.18627387473002
73.48288610321305 -67.99826859272339 73.49712243427395 -67.8687090171465
73.35085553058632 -67.59146919136788 73.30218060122758
-67.40481037420366 73.62737548603803 -67.56168158739234
73.83980209033344 -67.61431047544056 73.9269532419276 -67.55192162413654
74.19685489150521 -67.65611002527503 74.24555281565544
-67.55825499579888 73.66667080975537 -66.89063078308038
74.10146107943726 -67.14398361057124 74.37082770952291
-67.24636968429614 74.17618090798784 -66.92931816160592
74.34263281601092 -66.93840725128554 74.56224938664147
-66.99489989098261 74.52610073825981 -66.82150288582078
74.84230896942688 -66.9637716322403 74.60385019969412 -66.60987920304188
74.32634568596177 -66.2223583978668 74.38210308295686 -66.13244079651083
74.6509980095566 -66.2316731562263 74.84364720400544 -66.26265465796654
75.02643073919131 -66.28445952803885 75.09108559201243 -66.2016971786537
75.06419278807647 -66.03841232659808 75.47480578992551
-66.25957207124527 75.08725150022224 -65.7802314204341 75.31846154701188
-65.84350505789224 75.03676493459893 -65.45874215281802
75.44537923496094 -65.67619577270213 75.72132095890989 -65.7771490430981
75.22525095585074 -65.20813203766637 75.91261467945476
-65.66486237120978 76.07425820403886 -65.66553819956512
75.55654780482955 -65.08071234682616 75.53929009010304
-64.92817726384558 75.8459986878987 -65.05382157100883 75.81379453856572
-64.88852540356177 75.78244757956011 -64.72432477484989 75.919286122367
-64.70382286063251 75.81186082361224 -64.47533332589214
76.06782606085706 -64.55587093512165 76.30097615768632
-64.61640862580228 76.44018484010078 -64.59696451195329
76.35981928740475 -64.39210266239648 76.53725508206884 -64.4047056147971
76.37489458967197 -64.13158995929125 76.9074318447369 -64.4415561687771
76.49121509416842 -63.95658304386118 76.71159202980378
-64.00447264985071 76.66423995269975 -63.82891236881342
76.95357660827152 -63.9334800029932 76.85369965150416 -63.7145877620208
76.85148114656236 -63.57707435898365 77.38520451087004
-63.882228807890954 77.24389209066123 -63.629678333355876
77.49814522072685 -63.703011421611016 77.44374443938115
-63.5225158019861 77.27901899897215 -63.25214414312884 77.73137777197095
-63.48657965318962 77.18975020407822 -62.909569991963764
77.39213651352789 -62.93975285456706 77.61236096536732
-62.983936833236555 77.51206736763775 -62.76803453424886
77.99385389040849 -63.02305874873204 78.0861492763761 -62.96258821856047
78.0414953387638 -62.79183776966343 77.87338954384603 -62.52235224057247
78.30141844898355 -62.731265216672035 77.89388345361037
-62.27095473157288 78.3365957083817 -62.49052480887359 78.16837962592125
-62.22249928485618 78.58091542565059 -62.41656154714383
78.38121913090956 -62.12418876738153 78.07509254678743
-61.74854452974794 78.2296866206179 -61.73775682026778 78.71930672393425
-61.99049231804158 78.95735504463204 -62.04410346715629
79.06274018813622 -61.99310708198364 78.3968036887216
-61.338483672971954 78.52986213020431 -61.310119935005865
78.62902500722278 -61.255118104203 79.01167516201096 -61.42036957072708
79.32265707723298 -61.528959856824336 79.16920835894652
-61.277252100653776 79.44871504798351 -61.36065779447623
79.56562211925471 -61.31803475265113 79.664215601097 -61.26115279387485
79.1943668784652 -60.76797500175349 79.56647360407689 -60.92122784735422
79.1565665080236 -60.47599413104486 79.6599334351896 -60.72856239560729
79.24260707568148 -60.279309222044155 79.97526945553395
-60.70453353922481 79.60497991002661 -60.29218207046755
79.60704738334465 -60.162666239961936 79.67131578983229
-60.08025673766714 79.95053652287253 -60.15958583330082 79.7715946210154
-59.894207433677366 79.67306328245138 -59.689862885777224
80.34931256585836 -60.06523318570543 80.34005917925568
-59.92727074475365 79.81872490777216 -59.40840553767449 80.5856346647126
-59.84817400811468 80.14836786600414 -59.39330858449627 80.0554385218874
-59.194674032320286 80.09942960547224 -59.09756157341472
80.54188323492525 -59.29384975819033 80.32418497527283
-59.00397979457475 80.42459293708978 -58.94817081873726
80.70593011572525 -59.024560524669475 80.53101610990389
-58.7672964326914 80.7003202905037 -58.76143160870429 80.89172817387464
-58.77128068216928 80.60637842543042 -58.43509172672035
80.79142456460426 -58.44026966657352 81.1502785758364
-58.570498944281084 81.35002890450305 -58.585200069142765
80.85870964446927 -58.10287712056067 81.02442142592108
-58.09338992666738 80.98134874458957 -57.9342053753856 81.19276433183066
-57.957008082535694 81.38159101950953 -57.9632455437281
81.57468868862475 -57.972113752788644 81.95911411247197
-58.11623288489646 81.47137330062044 -57.6422624385929 81.47234330435714
-57.5150176784907 81.36374379197478 -57.31078059581635 81.65864096243463
-57.39065409188911 82.17701880550847 -57.62650840509453 81.830785518644
-57.25597412172345 81.85232938369964 -57.143462845074964
82.09233316752635 -57.1832439936097 82.41173537500931
-57.277648193263474 82.01749705305514 -56.876361028375044
81.83149004885472 -56.62056004835082 81.95879580696234
-56.58182023365866 82.4287533328465 -56.77889668922375 82.01401259352978
-56.36666919404595 82.23114737082719 -56.38920511070995
82.76980191767613 -56.63123861512646 82.91703062311007
-56.604585321815094 82.89380985793714 -56.46156351517954
82.56691732241028 -56.11241906887257 83.1356858601506 -56.37177586697805
83.16135720708373 -56.26214619195327 82.57494571725013
-55.73945199574677 82.76883952614773 -55.74425389137822
83.26743635409245 -55.95339514575565 82.97093913139199
-55.62812545081591 83.19378060760317 -55.65133721580794 83.4173463549059
-55.67453348604827 82.99609700576606 -55.267841321527605
83.18912888398738 -55.27072508568313 83.2448976923464 -55.18221051889753
83.48529743910662 -55.21581392647364 83.23307813824742
-54.92379848497507 83.30055727845173 -54.843196424773296
83.29962436322887 -54.71762587878778 83.91357698524472
-54.99521311431592 83.38050989849596 -54.521117651273826
83.85466482529552 -54.70588758500922 83.85444997781705
-54.58064676707069 83.85284185245824 -54.454672210176376
83.58970419024047 -54.159422084779436 83.6053512823507
-54.045339018143345 83.99289173184918 -54.171230239762465
83.6962831711653 -53.85591215080614 83.90610168462491
-53.866759923556955 84.11734444701673 -53.8780662194343 84.0289752409413
-53.697452707018904 84.5930391088533 -53.933231673998435
84.40236236654435 -53.68743306130811 84.42996247978853
-53.580883480602246 84.38564985842332 -53.428886015209834
84.3077517426269 -53.255967259099315 84.67671939080618
-53.36506444666904 84.34024027104579 -53.02968943327585
84.61238446333327 -53.077248715383455 84.89472218110375
-53.130555472152814 85.14077701210661 -53.16054700536011
84.6312317010238 -52.71929865613362 85.09616474127859 -52.88530797368919
85.39344048367732 -52.94617630154153 84.81617403211091 -52.4653713622028
84.91132431787152 -52.401366027800194 85.55973376345077
-52.677877794122324 85.2193440722179 -52.345313962835085
84.92165712299762 -52.04005841512209 85.63548035624287
-52.35421561497711 85.44027244145309 -52.11203720719795 85.6048371125586
-52.08949375475548 85.1037426720937 -51.662543728497575
85.60668630730385 -51.845252082188814 85.83024572407278
-51.85787466641786 85.78804061302255 -51.70982045036633 85.9173939231685
-51.665205583980274 85.79722572030958 -51.47068546559019
85.70139221561834 -51.291225136891455 86.01126467371249
-51.35442354218005 85.71971011741726 -51.05865640366947
86.08934568244077 -51.15676645660451 86.04888559491067 -51.0108708959952
86.19688605087565 -50.976696306256024 86.27997786891075
-50.903959067386985 86.4116409447812 -50.859725556786046
86.26937503142808 -50.65442921251813 86.71363275674737
-50.793244140307486 86.12471818156453 -50.327221845590834
86.60095347462486 -50.48393015588913 86.36196857721706
-50.22351650642721 86.26004713741636 -50.043436910693806
86.13269207392312 -49.84906968007696 86.95446029544988
-50.20318105881667 86.87623509416697 -50.03678886089517
86.95360293175257 -49.960158702197376 86.73123856136719
-49.71166153551925 87.06177762233274 -49.78006631784436 86.4896229808785
-49.332809969533066 87.19014591686432 -49.61144238905571
86.82328462701724 -49.28241075239993 87.35466201807975
-49.46315092306483 86.79302179652899 -49.025171942024386
87.17304641896261 -49.11948726583256 86.88784466065721
-48.838977356713706 87.36587402486127 -48.98734953772822
87.28488784906529 -48.821867625602245 86.89261185369291
-48.48306006643796 87.44678234844882 -48.67225466666824
87.71059071108058 -48.698853413701165 87.53793563509348
-48.48313254366496 87.36224466019009 -48.266345871292195
87.90648716823446 -48.44694677145651 87.7560294740394 -48.24428546131901
87.63499963224781 -48.05831028990609 87.93532713194303
-48.10329721171595 88.0480235954355 -48.04521923401982 88.18415294417385
-47.99972650626872 87.91979193181167 -47.736552140402544
87.99862284955694 -47.66010317952998 88.10259937043412
-47.59716071341357 88.30597148749916 -47.587635558483875
87.68325738772398 -47.13363748806501 88.51216178890353
-47.45980474211882 88.15971397081321 -47.15202722368632
88.38083106555693 -47.151329928434535 88.71932240689901
-47.21263212199499 88.27457270329904 -46.85740197379645 88.7925610394543
-47.013241045301484 88.12727950979661 -46.542899597648436
88.33021431767494 -46.53184201439558 88.88517712851274
-46.70534744664736 88.89990082362138 -46.594349429888204
88.83500816610153 -46.44181994717197 88.67180386422179
-46.23832814956554 88.36032558327412 -45.95827932176046
88.77126706716952 -46.0539742250262 89.21906227310184 -46.16777552483976
89.1448027937962 -46.01106368802878 88.83239901539413 -45.7320768206081
89.25299838525726 -45.83043360508761 89.38094102158038
-45.77791529323545 89.26339613755931 -45.59977934097736
89.01591773674762 -45.35587549697546 89.40811771302293
-45.437838920653256 89.57595216368657 -45.4051654957717
89.36417642554828 -45.18025416013057 89.44522369307396
-45.10368320103925 89.3574214523356 -44.942100956481966
89.30745642840832 -44.79985314197478 89.35637126780729
-44.70733147350779 89.40727170297167 -44.61579515966477
89.19310958510532 -44.39232356849054 89.67114807462504 -44.5131444754304
89.75868861511377 -44.43950371802242 89.8040802782914 -44.34494306288986
89.99383644744637 -44.321483881661905 89.68837820997045
-44.05440525438124 89.85570187927189 -44.019854132102026
90.17515004456551 -44.05931576578836 89.81449749762223
-43.76665487213185 90.2984773826991 -43.885543363027345 90.1728134543142
-43.70779642515501 89.67059524826269 -43.348459446746304
90.11145862173738 -43.445223091397445 90.39410080266391
-43.464887492963314 90.26673514583105 -43.28732159035566
90.07366379871897 -43.07877604985459 90.39698701686127
-43.117151036676084 90.28958303765488 -42.949917941965516
90.35342281676776 -42.864315484617215 90.48022823548993
-42.80845501613468 90.37868277011707 -42.644638431135476
90.17445988175307 -42.432879897960184 90.52738747951592
-42.483220302199555 90.42091115962037 -42.31776744400746
90.88554272013722 -42.41925429702267 90.60708414336403
-42.17379209722211 90.72482467055902 -42.1130614897784 90.32479018734963
-41.812458983726756 90.67502961248778 -41.859342658141536
91.24559675235255 -42.006880459316484 90.64391928141029
-41.614900569369105 90.49834900293385 -41.43337912600367
91.09341281714214 -41.590487441004875 91.17263650481733
-41.51133542606927 91.12078568577404 -41.37257979653771
91.38717261805792 -41.378155840043746 90.87000493404838
-41.02938046802249 90.8824112095282 -40.92046190288252 91.40950398877071
-41.04271340369153 91.45301262674448 -40.947226322190744
91.01801397522429 -40.63809178569746 91.25907514078312
-40.63115804740387 91.23662877059317 -40.50673550632562
91.00505121801638 -40.28988873509558 91.89051097775291
-40.566865727156696 91.2845131378763 -40.18516531431466
91.94950795229595 -40.363012047090685 91.34302574365884
-39.98275116158948 91.65253970925106 -40.003916529988544
91.47882691374113 -39.81410103571246 92.18839740672448
-40.00815163856018 91.69979760835578 -39.682045911403705
91.96701658188795 -39.68339117235809 91.55728637938259
-39.392915519452146 91.91712734374319 -39.43371590280095
92.30587865292911 -39.486093437370954 91.5905207780143
-39.066667755532464 91.99892563355351 -39.12704931192358
91.62390907380667 -38.8543021563945 92.10236984153549 -38.94345628904561
92.09480216851348 -38.826623149702904 91.87185667221634
-38.619372469146334 92.16342955098953 -38.62842078057478
92.3459259157808 -38.59126778815632 92.53528990762238
-38.556626777348775 92.75711691526409 -38.535106019928755
92.08766906717545 -38.14396145494939 92.84857378632061
-38.34527489067862 92.7235051982275 -38.180011231211964
92.37385332821576 -37.922951952194346 92.84874476195235
-38.00434318003955 92.43609840842639 -37.722473017367285
92.62023880531433 -37.68452298357311 92.7937634017113 -37.64191346290165
92.37828364214293 -37.36076444902066 92.94659911074923
-37.47740365509607 92.41848610586332 -37.151993206545306
92.44842407377236 -37.051618741600855 93.11883923763104
-37.207179122849844 93.04014742838761 -37.06279703995026
93.39955448731156 -37.092686635253365 92.54011353454857
-36.639222885648856 93.19731138177781 -36.78657762213938
92.95782327562885 -36.57958225748883 93.03802610426543
-36.49867305306831 93.08593547664209 -36.40503272452433
93.13444003649622 -36.31160081901991 92.81132307667187
-36.073702588269924 93.45198881550569 -36.210114085340436
93.01190897451498 -35.927615170651265 93.3028711489757
-35.92776547506544 93.75764874627025 -35.990189363176455
93.85251754886775 -35.91388719934793 93.54095807158501
-35.68241021761904 93.26301542756846 -35.46455363185708
93.74668366517069 -35.53615294069315 93.34769880590672
-35.27315602548554 93.43274978620029 -35.1935253423386 93.38408413588651
-35.06357188119021 93.75790483014183 -35.09195174461322
93.60879117808626 -34.9244256102178 94.03832770987523
-34.972540584419924 93.32014257709503 -34.59425255559459
94.00997706736183 -34.73804529863782 93.46946065391441
-34.427113909409776 93.53308604665034 -34.33935606543012
93.52561484800388 -34.22551481164381 94.40351004511182
-34.434723596124506 93.93706581888569 -34.15316648367238
94.29479926396654 -34.17147381867567 93.70929706323219
-33.84831638062497 94.1956139080748 -33.91250773136169 94.42963300958498
-33.88509810376667 94.14918389454668 -33.67321541420887
94.53228448091875 -33.698618977538025 94.02375535432247
-33.40640768531142 94.14731469890991 -33.33931268877642
94.75340297941113 -33.442312749990776 94.72473291205523
-33.32068310135911 94.71821112721281 -33.20696795111995
94.37733906449013 -32.97652410210414 94.17019155920872
-32.79353030933974 94.09127896975667 -32.65560922945535
94.36829198986216 -32.641064750730315 94.53857121850443
-32.589157768743085 94.62007857309176 -32.506434443493156
94.59577615124473 -32.3873731872714 95.01670274537615 -32.42036341024322
94.61638806486363 -32.17319531093754 95.14653042727306
-32.242345673008046 95.07247847412927 -32.106298569939376
94.70385870645069 -31.871369674123304 94.47870365021315
-31.685492088748887 94.84003989586722 -31.696226043804476
94.4094897362059 -31.44246338119621 95.2760322897563 -31.620258891498978
95.38348849022938 -31.545072799365173 95.29980694595237
-31.406722998519697 95.42626077085625 -31.337651581898992
95.36762880863625 -31.207796024913016 94.87234096235345
-30.93576838297014 95.2655451101992 -30.95365197866818 95.15443590253744
-30.807422493210815 94.87865602561105 -30.608401051570784
94.84071453207476 -30.486544573881858 95.61111917826818
-30.623758732651645 95.06807095118347 -30.34009160267101
95.21461689000252 -30.27703313726222 95.1527154354246
-30.147666497930924 95.16717565867654 -30.042621330900534
95.85849243324404 -30.150507971439335 95.01686395800225
-29.776480228906212 95.17915189261903 -29.717914188029095
95.71183153394354 -29.774269000657934 95.81875675491798
-29.697515946351515 95.81259119466378 -29.58566788143509
95.8560977616982 -29.489186178344756 95.40242409597609
-29.240292656370148 95.3723422314377 -29.121852065363456
95.45979911852255 -29.039306002662197 95.25329915229712
-28.867542600409404 95.95979337883821 -28.971969740725704
96.09042963424932 -28.901647684836874 95.91605864802608
-28.739705876641697 96.28234910296413 -28.73961444688034
96.2202192604051 -28.61136412601979 96.24969317897886 -28.51045800557323
95.6547025275275 -28.225289018557483 95.5310074994022
-28.080073073403405 96.2088485350816 -28.169894777523975
95.54170044010982 -27.865958901927904 95.76855736938042
-27.823337946276258 95.72033671775955 -27.700662787695105
95.73409445490167 -27.596028630754283 95.77735595354157
-27.49990003362855 96.271007822224 -27.53254578971103 96.20707091604918
-27.40530506400132 95.80689386842653 -27.182874141422147
96.56760349061598 -27.289473421341228 95.78353814535409
-26.959618321662425 96.67294544609203 -27.10073085398684
96.44677143487057 -26.928422435914385 96.1620968807573
-26.740420680884373 96.18796387857752 -26.639128503536785
96.5780578583594 -26.63830252664411 96.74526160294853 -26.57543343259684
96.00684641429706 -26.264501102902525 96.69124899407524
-26.342930838051597 96.83522237287826 -26.27325401983066
96.80914883912018 -26.157369469298594 96.17529835129055
-25.878069377418417 96.33684254275663 -25.813379160695856
96.45183264135973 -25.735965100118406 96.23853893840015
-25.57112665066626 96.86175089191151 -25.62815324012276
97.12715673073733 -25.589574077194015 96.34582179657923
-25.275853183641534 96.48612106834678 -25.20469552561063
96.56405468474213 -25.117061234466806 96.60612154153347
-25.02002235817897 96.94426384863543 -24.99929785658306
97.27182262371674 -24.97515914320058 96.67797206113521
-24.714798076882335 97.03119533792308 -24.696873854507455
97.3266336524985 -24.663576284831915 97.43347887294637
-24.582096461272975 96.99960551432953 -24.36461684449693
96.73794679484844 -24.1912257287513 97.23541871501851 -24.20746436684083
97.08919988314533 -24.063117080116868 97.31590043727331
-24.01116283735091 97.20759736652579 -23.876475974982117
97.23637789517802 -23.77560393957798 97.63197951084662
-23.764008985679876 96.90431986565248 -23.4794310320739 96.9389010099004
-23.380363334598048 97.62368291959075 -23.43737265216614
97.74720162833252 -23.35879356904974 97.18720817994927
-23.117411719047944 97.79450947785439 -23.15368969990665
97.45830765139651 -22.96633877712825 97.72549789870163
-22.921308597905107 97.07326024891535 -22.66110674365614
97.47203020734256 -22.64658821220312 97.7358219386005
-22.600029954160977 97.23139952299563 -22.376150487100077
97.34675834546029 -22.295383960115608 97.40940853641347
-22.202400806502833 97.1468351870529 -22.03556124624777 97.7035857385565
-22.054293891134574 97.43709616801016 -21.886930551414025
97.18537795150343 -21.723505722529783 97.34389452663085
-21.651931842016282 98.05295680710715 -21.7019108154336
97.29278436654684 -21.42681201691396 97.19598191434851
-21.298797731869982 97.42268482694989 -21.241580458134052
97.78352694561589 -21.21301457171567 97.61364917577076
-21.06915428685075 97.37560475511853 -20.91107617776753
98.05476743936194 -20.949530102748362 97.41019157439116
-20.7051753926708 98.31786019055916 -20.790520315986157
98.05854466791388 -20.628430136217716 97.74252523376835
-20.4550876235111 97.68985519358463 -20.33730750200643 97.75769515477646
-20.24464543277563 98.23858589069013 -20.236969196973412
97.75446927259618 -20.030552771847994 97.59525841621961
-19.89145956759167 97.95475514196796 -19.857914293101988
98.42627915900644 -19.846219154092793 97.93659324889171
-19.64077496490968 98.06271038018329 -19.559268496487615
98.54928915860943 -19.549036080654968 98.27890345346532
-19.38845513827809 98.09729643085997 -19.245924394165606
97.75949116456245 -19.073357437947017 97.87675843194994
-18.989860634985103 98.02129356996265 -18.91141303606549
98.43273059371815 -18.88389846232997 98.07988678595112
-18.709739036862263 98.57473448815739 -18.69717400983655
98.36788007956403 -18.551243450474256 98.57525858619901
-18.483474920793384 98.03114463181973 -18.275203705069977
98.63201814980457 -18.28036404355458 98.68049129969255
-18.18248102714257 98.36259465772615 -18.01742502158362
98.40592478791251 -17.918874294176902 97.93871019027732
-17.727856861258193 97.94294442672987 -17.622717211398957
98.4959250700438 -17.615750233069267 98.76008110867787
-17.55628443371622 98.08142946471996 -17.329705838774164
98.51553135500856 -17.30003974427633 98.69938223919186
-17.225799752353275 98.54427350960219 -17.092409686514266
98.39930832216189 -16.961141316475445 98.7382952556469
-16.913121215415245 98.60241485865411 -16.783579099548398
98.49081857741753 -16.658475044179493 98.80239301827527
-16.60476721350115 98.5256621529529 -16.452188389278664 98.6264878710347
-16.362881898751663 98.97911776186379 -16.3149006234235
98.28095729644978 -16.094123970454188 99.04670442723125
-16.113035220152415 99.18663863823312 -16.0292011152283 99.194331260038
-15.923873333886485 99.0082574194811 -15.787667221764162
98.77521789577145 -15.644457604355908 98.63259351477738
-15.5160067907491 99.05931657288757 -15.476850781299504 98.8484002811029
-15.337874290406761 98.83854042273144 -15.230366095051977
98.58479236645182 -15.085593099006578 98.59499067687727
-14.981504496020428 99.26943198496788 -14.977647810549955
98.40754912277143 -14.74222654898398 98.8426034085346
-14.701586977209994 98.44695154674307 -14.537381017834726
99.21019142869514 -14.54394474230453 98.98323160421937
-14.404806638829367 98.80707532784359 -14.273525214522978
98.89444055801442 -14.180438644078452 99.05970607332127
-14.098283927172467 99.49429272364601 -14.053849986526238
99.43998665650449 -13.939983754749852 98.68232582107903
-13.728415875215715 98.83698706658534 -13.644442269345175
99.3342598390832 -13.607101005624303 98.8143756722399
-13.430480943906472 99.52015597560698 -13.420280540380375
99.33877833454659 -13.28991769560041 99.01704955513826
-13.141344074871883 98.74778628589016 -13.000392695763844
99.47699251650361 -12.990431474508899 99.06810149211252
-12.831536867789511 99.22485735507243 -12.746203356914958
98.91599636105771 -12.601248008286898 99.03657985031732
-12.511229575918989 99.53796628036231 -12.468683953902229
99.33167025696186 -12.337203868713257 99.29542793559708
-12.227130216704202 99.63971136179671 -12.163613892938502
99.59129749311487 -12.051871238756382 99.18347920814061
-11.897147404587853 99.4479217047252 -11.823240716546042
99.35991130123854 -11.707270218457099 99.46434048318774
-11.613982906145141 98.88762081228107 -11.441688104176226
98.8988895881577 -11.338051458912473 99.82530704872443
-11.338360537088006 99.01286601935168 -11.141070620086328
98.97703431324054 -11.032090303214648 99.55883299800733
-10.991397491123532 99.34983079602584 -10.863028602146432
99.50650621150854 -10.774722944707964 99.49219344710083
-10.667775473192417 99.21637658010961 -10.533119898045252
99.47323327341009 -10.455058112606093 99.4382678208902
-10.346112802572177 99.29105558387303 -10.225704475746884
99.73936695601573 -10.166331516677666 99.68890677084097
-10.05572079871802 99.79663196881357 -9.961028119049535
99.66274859079189 -9.842269401117877 99.47076692128358 -9.71813950685689
99.17795863575243 -9.5846930323144 100.02925724848686 -9.56124563518909
99.67470175317649 -9.422033380169616 99.56483940064733
-9.306462995420056 99.13854883271259 -9.16190254915038 99.69390812380932
-9.107945460278664 99.60865420898851 -8.994986202830454
99.88993009578272 -8.914938759317828 99.3888640452589 -8.765320786340608
100.01811414037131 -8.715272066678422 99.28278388304562
-8.546449054304093 99.63731393356986 -8.471863985340459
99.15858103359155 -8.326578692227338 99.45040928710912
-8.246214795811952 99.28126301951072 -8.127516692578713
99.94644830848652 -8.076615021190902 99.76508987514708
-7.956812421446606 99.36659518773148 -7.820320642625453
99.34272972527673 -7.713775148135631 99.89247824025126
-7.651232739920582 99.73406755994999 -7.534053709629005
99.30827100229594 -7.3973078366076335 99.43674458706921
-7.30217806730866 99.32897035102049 -7.189693632031762 99.97021030187933
-7.130879165077587 99.67834760476345 -7.005154365639014 99.697276788294
-6.90157396258907 99.86147682077943 -6.8078725066745065
99.47879295031252 -6.677133065399131 100.12173305424226
-6.614975724978936 100.00914980645852 -6.50235816730172
99.95136522266502 -6.393496977548124 99.31921471255907
-6.248635345534439 99.81464332388025 -6.174872557512774 99.3334797135806
-6.040692993486184 100.2719320410401 -5.9923762272447085
99.72973627294087 -5.855170727905808 99.35424896861191
-5.728729951004142 100.19658349539334 -5.672030515825377
99.36565210344058 -5.520609531053157 100.20402964906863
-5.461937322214674 99.59235483768917 -5.323999246935956
100.17887037764135 -5.250152127575786 100.26830678027467
-5.1495559127033665 99.92296299747751 -5.026910352223184
99.89496860691153 -4.920632979428306 100.17781434529186
-4.8294102981209495 99.511063491908 -4.6928226273433316
100.35621709547434 -4.627357716115422 99.40412346022318
-4.479145247639745 100.34735940101075 -4.416355475258167
99.4226493886231 -4.271346308872377 100.03166921140934
-4.192569137306547 100.25057399416718 -4.0965819706738635
99.48939869944748 -3.9611231423651114 99.91437315834776
-3.8732516832478954 100.16443851782559 -3.77790028628286
99.97041891784677 -3.665748849831385 99.79092627142178
-3.554529811041939 99.65143690168235 -3.4450779482971434
99.95093097751239 -3.3506421308801078 99.8053179446028
-3.2411310610915676 99.97712581092865 -3.1419077539838396
99.47071243080899 -3.021728104198086 99.66985700627147
-2.9233106674694906 100.21313553038169 -2.8342149533044894
100.05586402139764 -2.7249080238884256 100.20856008129347
-2.6240534948499463 100.42270935309014 -2.5244295126153786
99.94950406821336 -2.4078037635432907 100.17724590106522
-2.3083264727708284 99.75701588174016 -2.1941250697962333
100.0431664402129 -2.095605598989552 99.8485541183717
-1.9869242678779322 99.50470536780524 -1.8758416793328383
100.097161704182 -1.7821538175736973 99.57764275700556
-1.6685955659298712 100.11626862628843 -1.572752025903004
100.48498566818743 -1.473292389977 99.67137927775707 -1.3569669455385733
99.67429759097286 -1.2526100997010865 99.59626842053153
-1.1473173991942787 99.72941894853825 -1.0444022105036357
99.65348407537186 -0.9392397703670997 99.61934079651326
-0.8345885628432337 99.96252306957825 -0.7327766907691919
99.75380898344741 -0.626779915054767 100.13946321342247
-0.52433379492117 100.34358545592333 -0.42032068618433677
100.0003603773449 -0.3141614310681645 99.8463381774548
-0.20911798743565804 100.38129675465645 -0.10511908657276196
0.05600245465728529 3.6495083613018906 21.588611025666072
-20.504235353751948 10.90478870089302 -64.55664450142032
14.64611794909324 -66.79071420595601 -12.531714175375125
15.537935853811597 4.281785069139732 19.244665950348583
6.206385706431189 7.267847988659687 -46.178526303621176
-5.13742926278459 8.212258036747794 -67.78137146881487
20.095975257884106 16.072892004440085 33.14688609423563
11.254460096877468 2.192015322373833 -10.078353526606046
-14.288130217913192 -31.703904097342374 -8.74370074768702
10.336084533778761 -41.46126097037416 2.479244815345627
-7.671923933582061 16.806577301929728 33.92479097625475
-39.093219811677585 14.56139897284731 29.204305759141825
-10.696013336304013 0.9066928128547779 -16.894333623763004
55.05554640257179 -14.979180751390691 -62.268204688711116
-28.968336012551017 59.26058109407422 5.745774353502553
-49.63237076139945 -3.2694117257133177 6.418658797879616
31.463616293727334 -40.653152856046226 37.78525207872252
-5.4835677198081765 19.089577376569725 -4.812507290837972
6.956270789321151 -16.828459389467636 50.62448796215344
11.652268692399495 -3.695674800852118 1.6336409854910428
-0.3176250222836498 1.9039207786263959 1.0329012365048302
33.50350861310189 33.559214345660074 -28.170932244152976
-35.69488709492094 -44.53058951491061 -0.5440657456468572
-0.4404094860054906 26.95362476645797 -6.869218800976315
38.23114631458083 -2.2776328568285416 -17.909877710367887
-20.143927449620666 25.57961759865966 -62.34111003512095
5.86796689998135 69.375929622603 -43.14422656203364 -3.6142487326292647
2.3105505588656 1.245304886410088 -18.987073814026875 -59.35857814677331
-19.050855993017432 1.4727350372170824 -5.476625201412272
-41.73390466182975 21.584813454756265 6.741296656391371
34.65359537409995 36.341419912559225 18.994337355995285
-10.7162486147214 40.49337011349955 40.39092216308733 0.9091263482317686
0.11268413325842327 -1.1918032846200692 -17.121796386535156
27.322792903931376 2.1388894921297306 -29.26401519001519
26.16756301907994 -37.53899933400413 -23.943379957603415
41.41272861587931 -21.546792334095546 41.62327064374416
27.43883038691865 35.953900482658646 29.39315287339521
-48.78952099845968 22.355134217537124 0.10920937906516409
-57.54184773417865 -20.34968421246388 -38.258912542966414
-0.47260855501315435 -1.534942437926657 -22.328912711826728
-26.97716356446439 -40.77402398724469 29.74107527419267
-6.077819033718515 8.53059583023704 -16.810371568933334
16.195246772241354 -6.685589639344168 -3.0361172263927254
0.9819272409532579 1.3687568261011738 -7.735455370681654
-15.044309878110932 29.605596270703867 -0.8275636108989342
38.76105906313446 -39.08769247783282 -3.531684159725509
3.799519836994826 3.3227306891510646 3.1438343456379525
-2.243610843766776 3.7773528228878943 14.347208770560822
16.85658619239607 -61.44441884591807 -15.799224503808045
62.62220376807207 -8.200687767731152 -4.408399720922139
2.729153279969426 -55.749069798143545 -41.03803088964023
42.479845376282306 -44.13348590376487 20.281495868872703
-15.48288390452497 7.012989096806812 -22.622532581062565
-12.045941371237811 -26.202838693848943 -17.888166808698855
-2.3334588564997705 -12.859013833346657 -14.590422516969102
-2.316690197069528 -1.1694687669360915 47.221090971020054
41.62617709703559 6.906738820690483 22.458467809181236
3.8855518712695267 1.1832866548794885 -41.242178400550905
15.420278226560987 -4.13778522977055 18.27553240973184
-32.43280383272608 -44.90349987451694 15.59041870881712
66.01327143773734 -12.052782050354649 62.88169235471106
-61.38261462084118 10.085948513899677 -29.174533755437803
18.59672935637212 -5.189901596103119 -53.810085327111516
4.198754083865387 24.92202249951343 49.02647365344011 34.487255571961136
-38.887463255402274 44.72285114316117 45.31996033611028
8.060223535130195 -38.36596638087981 -12.465908326531553
-45.11914168841323 -7.880278800749323 -26.896844363897046
-45.12932502944478 -36.00165704787673 0.7473548442354591
-4.796510455155028 6.533560769742894 13.14594375336155
15.593972964461052 -35.480538266437875 -12.857236772055579
1.547928237580035 -27.027379445344643 4.916565055376213
21.652440768211562 2.9045984286938493 -2.005702090932954
1.2737137737006954 37.011234412971916 28.74742483339676
22.163151461876723 55.21007005579778 29.286543167722446
-8.787009967944007 -11.248826120779935 -47.554260229033574
-23.729895856565147 2.9439335444055716 -60.22483100153597
-32.579430529385895 -46.921700334921184 -51.83298081947924
-8.439716698775223 -20.513878010950915 -44.139494382229365
20.973716596666918 42.53501381215139 3.474267060857651
-10.927571415312007 -29.0151538881406 38.43587498462431 20.9909994530219
12.835871914923645 -5.584731578871366 -18.15494653390039
-11.535758363547728 -55.04615018972139 -6.6961590039397345
7.9081922560380065 8.710619988691882 -48.478452815357414
-12.520540413495642 -16.423849906839365 -48.32056949617899
22.965081496911417 -0.7164823029515469 -10.238903333189583
-5.241931147836487 42.74330512061509 35.89422841496203
23.069310873687915 -13.301437968060029 -39.43996039833287
21.36743806110704 -20.797017574535214 -11.84004628156797
-7.584763609684176 -14.18486286237393 31.62032598452419
-1.5403198561826366 -0.9564596761713099 -14.535482075044838
-58.77920271708216 19.27695730464998 -23.871939129253743
54.850438315346466 6.217331605022757 29.86314551112841 -55.0505104551459
22.71413295408136 35.82231255827514 27.330198346004803
-1.621782102959343 -1.469030341958065 -11.112474489667962
-7.496085719108403 -2.705895813663176 0.6719391763098029
-5.953413142579443 47.381312525697474 -2.524823587966542
-33.80484366407313 33.439962348307525 0.5293165967091553
-1.9453538889919708 12.467741870561982 -17.477138209848043
-7.6429992576635115 -4.17074224311082 -25.9777440433622
-44.84629180208298 -23.28863979647369 -51.22554722948705
-0.98434542788175 8.912842918985309 40.296715343313224
-48.10336088541974 59.18145036094835 -7.809788977015102
21.166052453520113 6.466740492107923 31.300597918372727
-23.433786223296877 -15.198030887188976 16.933599056571037
55.424990594349715 3.1070630612853383 8.380565272228429
16.154008947089327 28.352610670738038 -34.07352830589296
42.146329526740374 -35.17758767056652 16.176849398900032
53.060981325885194 -41.61186552091468 51.30035200279996
34.51475850277883 -8.565839161906219 49.13659994111007
14.143112993289055 0.0686400007192885 2.4615705059092 20.362466191670123
23.22188747397389 21.820454341275145 -12.863699333836385
-4.518770012712311 12.7036346926134 -21.73367855627674 -39.0711129570265
-7.4024817537089085 -34.796996269371704 2.5559010363038173
-12.055536985254507 46.262189676894934 -33.377676097228004
8.022143382636704 -38.36774191747062 52.94185534887072
12.528440038372105 32.33908598358951 -12.874178410350064
49.234403740010926 -32.56388177103402 7.250461761609801
7.9245376504729785 3.4356680836003477 -33.459990076783306
-43.824211892713365 38.86367407523357 5.914640357132559
31.562339612384314 -22.628079635462104 5.087150045310169
43.38883258495531 -23.494029067757147 8.007821950463823
39.61841815639467 21.735591696544926 -47.57766441052994
15.778575185343366 -36.8485466751327 19.628577730567027
-11.375537234268677 4.2280303900364 -8.942268630192702
4.9704985306032325 -1.1183010314217185 -32.85258950116209
-18.847746921086866 -2.3732421358685727 -0.27973779409479665
50.10184786094154 -7.265001326546732 -4.627590972246891
35.16787482984329 26.605227420089804 4.659119124858085 63.23043033577747
-17.465312852179792 -18.108998721775915 -21.289339012562973
-22.068942063748917 29.36101404704796 -22.067753438475798
17.63435357524812 -54.134817270380736 -43.91889706206713
-13.453597480741562 16.998924557756737 -4.821933879381135
20.800751144428823 -3.538488389012935 5.128015779969418
9.282266083723432 10.39472433958125 -20.962099983992182
-36.85606151675512 -63.26438785565551 -0.5693069767097955
21.729749170379545 -38.61432499353905 -22.85534685519282
-38.469440145878295 24.039760665749903 -48.021183784581126
-46.41477624103495 -34.456292179796804 -33.90316390064607
12.363893438568178 35.507320377382875 -0.16679483277390106
0.5776900797271357 -3.7228808987440063 -24.128739172419472
-50.21549589133273 -14.440735555013038 33.30743730320424
-1.4280163256442668 -68.9462310506151 -24.485565795310688
-43.76558472257983 34.418093816825966 18.322052704940376
-19.08428751831137 -31.502575478884534 -29.345075562397795
36.67824740898688 55.324556777914395 13.51295421541174
-24.00457461372884 50.86811029991853 5.643420523085579
-18.539588545554967 47.62996343479136 -19.53080392779629
1.8849179374791067 1.2623379660938532 -36.24716771485522
22.104088445179464 -3.664744678641405 -2.48922573339662
43.357204564863736 -9.192555645334135 -22.619567661052056
46.23785016562399 -48.451760477638224 -2.8807925753294232
15.846007071579724 -43.86727248238804 -5.9632260156665495
-7.031498448946411 17.535170646476217 16.115015901945366
14.12365443772735 -62.74167739421983 -0.027284123909050828
3.574824060297054 -27.451948366633335 38.52691483405088
-61.746870410988016 -17.927841122163542 -34.26219105664708
29.955983045755247 -24.270897599159202 27.95931663738807
-41.63316606244907 -33.17917445983875 19.957961877916357
-21.634361665749655 -32.82902148135461 9.796828986496665
-0.8188319428648618 -0.9391590684430269 -50.12702479362575
-0.7820638470992741 12.704829634738372 -47.706509095456056
16.194692917083035 6.418311904562415 -35.076476390982435
-0.04868338366913108 8.470469192595502 -11.628900080555034
-0.9287242292593061 0.593391230201101 -10.55425476030117
36.6940954975687 20.13942224490061 -1.6001754110234219
43.139055429328415 -29.458240866391247 15.25604291790112
-14.029331682871875 55.05125630865567 24.439143821632495
13.275544532579096 -2.4646617921695007 -30.291188571145383
-47.99111770750251 5.835555308139276 7.790834381898596 8.702249792379716
-19.898116874656854 48.082779438228734 27.615035762897712
0.854577699200455 18.698793757172595 -7.027767828471894
41.33331494490367 5.4205412609629935 5.735462131206725
-11.142054522604658 -6.844676230436717 -7.403435029920365
45.856645285636425 0.9840020904289459 -15.89896298099961
-31.766476322723992 26.81467231345956 -58.16594422639574
7.67557610876891 38.49520154435853 -20.655441736578073
-25.530963256373198 -5.933150484083648 11.347939729588848
-15.34592725132507 15.147552574540589 8.560540082560307
-36.62855591771643 -32.63248546740333 -23.983830639209213
38.40308918415845 -39.857697940780234 -22.036769447692926
-23.850027276198283 38.63613657741957 -30.899829194900757
31.22572513185203 -1.8157343013014355 -15.477626488260604
13.481707030153311 13.60056892320497 -18.32002698899338
22.35016498046999 -16.586348313225113 35.781544142453974
55.60793154977786 -18.701711409399543 14.66288823005658
-12.122885954903943 -5.789422249879581 35.04060883472538
7.58508831580962 -3.4515816219694737 -65.28842905024244
-22.815957373180378 -4.2180545457912 -5.989734372105107
-1.0890476785727559 -5.787995071463481 -1.071001165956287
63.911212107271616 -9.330055591416023 42.323840456687684
8.576972354992325 -22.023744576370575 -40.113260613392924
11.514560340206987 20.435295337150624 56.06349922370587
-35.361038238109096 -4.683505198022923 -27.631248703704706
-11.92317544324018 -58.570958662998336 15.776898934409038
-61.75821497180276 -13.99430047601673 49.82154024032145
-1.4868722121086746 6.950659982941873 12.189449220709724
13.201171427356385 -23.756664644024443 60.24969627485497
-28.82014094149151 -34.10901490192185 -5.897725727245691
-41.3029684794445 15.234635685659022 9.093997911275617
-9.274047883835117 14.28858226078924 2.5168491021588184
-20.461000957797484 39.65888798528017 -27.59138051733212
-42.03696393457928 -10.56933628228966 -7.876723125945511
10.596345779891214 56.592679878667774 20.46805216492341
-17.137081368057082 25.91999829600555 43.019420389280604
-9.97606347642078 -12.96850558150635 53.86334726237618
-30.075900342763553 9.841216463121878 -15.652391173060105
-11.543117468177986 0.5586268429774132 24.44383386920437
64.03358948019921 43.24788433640163 25.22406535393185
-13.514948851938449 -25.07675173446632 -18.426033805082405
-9.860265529556283 23.20627443052409 -41.34235670896327
-0.8141347133009468 -2.4595967839071537 14.356540187221887
-46.31402942971683 -11.095250684682787 -53.37716562999158
-7.986817337960726 -16.421742260276392 -18.723943164109134
-62.88836856757835 -4.935088415562151 -9.49971099685332 25.3587333149365
-15.713261335685806 20.053216808494675 -18.74986969370761
7.341330562071654 -38.912338001145706 -34.29993802402775
-6.029628440735735 -9.313187009809202 14.812020376663819
-28.6876835816297 44.90093106788199 26.26007821956196
-18.256159861218258 2.392055428244655 -1.7035762813560105
7.320744963240867 23.966509511238748 -32.75832644379438
19.09818334202542 4.285359918228299 39.17943824199135 -22.82682146127597
-23.51491496212055 0.7236114352329474 -4.441037659068077
3.0440592798596313 5.349253357571838 -7.671512647563171
12.497134119503198 9.538291319934638 -6.158100583135505
-22.873910931487966 -2.030113119439351 30.566754243656764
-14.778809561898766 2.122456198157683 -16.168355480327005
42.53602850325988 -5.662003860957469 12.520157210419828
-32.12611324934054 -23.912583797235598 -24.883482412562238
-0.511844528401696 0.847463024760472 -59.87444569959213
12.937914239290745 8.471292522922175 -4.676558224029969
1.0493625597610765 -6.909893853943574 7.835096059819828
48.752875707234594 0.5650212973084426 14.153575988836735
-22.170330232427137 -43.24024489893176 3.688533614592289
12.241275609348063 8.721275809646805 15.30017324776683
-60.10433767726526 3.8850991901420344 33.22522275883966
43.43557328320763 -0.07383188000380156 -0.8189792803940205
-25.153155313817884 38.335080715405894 -14.19840773310923
-5.107599448506567 -57.053896826168405 34.72885523039742
-36.038030330606816 -7.014486345750652 -5.084645655055161
-5.603593954884359 -19.181426644757806 -25.710728882348324
7.486765967414295 -4.065540865442656 5.403223798728751 36.21325019974999
-65.61317173950609 1.0932189675550021 -11.989105501401596
2.9464412969739358 30.404288261016582 -46.85842992922624
42.62255781968646 -18.392651742449566 -25.053094451392138
10.790717860052645 -1.0023236123578771 -10.626888402163917
-27.562458793851974 -2.1496019458695446 3.8276228958272536
-16.766378409856145 -27.85715215717119 -31.132479931539457
-4.644107628437031 67.65558385657708 -19.63278458940979
24.519131817536326 -22.413354119166815 5.3007754590623835
23.36480992115943 13.728478583959124 8.856960288621233 29.51898937809601
8.435108852823168 10.258903251506796 28.82643007366993
57.236187919904935 -9.521826130495025 10.712725149890789
23.998194357971446 -32.69625392711224 -0.2887520497625665
-1.1365795788126871 24.866870729693375 37.606281135570924
-16.873108229245926 22.095411470789433 61.900555605661005
21.984298186941157 -2.862826008523014 -4.3220821940363585
0.23939771192744091 -3.5381544245395307 27.983169511512525
-14.983413153841235 -55.87020100546867 -34.58362463101274
45.530532780049136 -27.06496697208543 11.652640345040089
6.854548061759115 -40.35779831136735 -9.105368253074058
1.6694160920872627 -1.6297280180668736 7.6324274903725176
-9.862179059298251 -13.559678494952344 -63.97370234188055
-66.14743443778939 2.6522908725290923 66.41783673225392
-14.852707638359439 12.831014270308007 -46.3537110371947
32.545376536442234 35.2727946232794 7.763415650126294
-24.413931545802512 15.323578773805647 28.110768389944877
-0.30264188975771417 0.05983357984045763 -16.79704364525876
24.317144233621764 -12.052850615028786 5.779754228901254
23.930654513124114 26.621121309227146 0.22580716398916245
-18.89896334513729 4.300110881806554 -31.274165042614605
-32.10709305895115 15.666957026311698 35.008462476811474
-9.937495484351377 1.7840997183926834 48.08008807025485
-25.825412715424275 -50.81479230639237 -25.567892146780288
-57.75016303326794 10.600512562333943 28.42179753116239
66.28439398857545 22.283573597538613 33.2210028996605 23.985753202207707
15.401345930994864 34.91551845192139 -38.577166424901485
57.23063337408105 30.635409026322186 -6.729357578617848
1.6132754288805766 14.46595162268114 2.9054271405930145
-41.501440223612185 50.67513726306598 36.46178263835616
-13.24588500542208 55.72896706520414 -35.42468009725822
26.31678783637468 40.887859223930946 -6.675183144247218
19.902053533031257 53.92692633588918 13.26975629857128
28.502199467748543 14.48934967319534 52.465896433919816
-7.30525173691091 -46.96035249575481 55.084944722293514
23.507862170688522 -12.167305590807896 -7.660733495406775
-18.611632070794883 43.08611844537149 -26.40611904089624
48.594438431260166 -17.414944419167682 36.37694796457304
-38.198907075079575 -6.220978346723384 -12.642734264780955
5.568719770830331 1.128344857943674 -3.5714595294064684
-4.206457351638722 -43.11655630758444 -49.33754429394127
-27.695492835486867 -21.076731637669504 50.85344739419123
0.16909567667379033 -4.099445945865934 21.216404675379483
-60.551988168063254 12.241238999799124 -14.823715930776132
-13.508853583697721 25.320030120909927 10.445131668751634
32.16362401288178 20.356993598952595 65.50891256356527
-59.32935924239384 -15.707544020283631 38.381088342183915
22.779936298088845 4.8783826797224625 10.048041031084738
30.644345582904183 61.186691717151824 1.736443974563181
4.837033970440417 44.69015563415795 -20.996287910911896
-11.451063447412505 -7.871271806619254 19.651755885982478
-15.861787378287845 11.984506513300474 -25.279853958724512
51.28503910499849 -38.21417282945795 -18.532675759548873
-6.737193144396884 -2.4411380916324896 -3.2952316903058487
3.634817261140761 12.825706052572203 1.5566079891389266
9.947167034077967 22.326587994169998 -29.359168988451778
5.439273045800043 2.1292007656965946 3.4011193812302203
4.834495812909495 61.521567027039886 7.484634661144361
11.680267343187783 -7.383190523798939 -20.12880980029684
-3.600439381511044 65.4633294197739 -1.279240170081552
-57.27666346691094 14.06266353275496 14.329662054844212
16.80407704155637 -14.167429469765828 7.604437153666573
4.5051621007386835 -4.516136541690083 0.23138820356662987
55.25741821919325 25.12564193893773 -21.053413437425522
-24.45779809225665 -8.665857964529419 -33.42031087264811
-16.95654265659204 16.05959366198606 11.881108075348159 9.52514164829801
7.852469708944302 -35.65374825692537 -42.66772418315075 8.90833303503157
-20.499906356076913 33.140193563217935 42.21217770360631
4.539402929715674 62.746447240873444 -0.6995131232051909
-50.71185656854798 1.5183437578401646 16.205253152683756
18.67052689549417 -49.05382020686041 -2.252544670496576
7.914989396154118 24.31928481959214 -6.080419380575136 19.40171405556638
6.689286308437929 -42.18198274852519 17.27420124357006
-2.9286672711770554 -28.59961245477822 28.638446133550637
-34.223517723961265 -31.672697972145354 -27.945674379770015
46.86763779366494 25.59006660041169 -55.438267488115706
-40.83163151579252 43.41116462293182 -46.5771314999867 39.01966528265224
-42.721962784824846 -23.729275383697473 -11.221423157760404
-12.837364735591894 13.025600533901303 34.51613058495412
58.816019676166356 -0.5278576158445117 8.054005904502727
46.75453110068759 34.72322398353645 21.841788065658413 6.939871023603553
16.277290181359074 54.2316114150827 -3.45072739198441 9.727989944312114
-37.88588202331725 4.619563716585998 -24.78758904614738
-37.4922335664356 2.729548974644834 48.793133719989974
-32.036856824891565 18.0685963489462 -7.770537658692777
-22.682232246387205 35.8998423313154 15.78085028948757
10.187157846432482 2.6919776984367627 -3.0942447679987386
-4.594552498943149 -1.4184320797806742 11.627058614646344
36.05412153912823 39.87911944601618 -5.901329368622532
-9.947348378452109 -0.9364480002941211 -53.43455089287544
-8.405532001661012 -54.23862574927404 23.40128581044829
-28.80911493818558 -45.83253048365159 39.66112800925939
15.422554841171376 20.435962723780793 -57.2751642641068
14.155501648680644 6.585681893753187 -0.5377783678887343
-12.952954142825874 -11.597699081842292 -11.495941061054015
13.266856078111047 -54.00775062623474 40.597322286457555
-31.749503938261 -27.92355299950539 -54.454300803901994
-30.901536989733508 35.04924514149376 -13.194197027127819
35.43631994534645 51.5169787907156 32.914432889049344
-17.045730457097175 2.8936248922866596 4.3351319709729585
-3.810477015134068 -20.88571839399946 33.45844251301996
12.803603492349389 -33.877806540869294 -52.42296662791712
-5.339585044798425 56.17295120114943 6.617325919611469
-15.325013076604707 -13.824949491819014 20.852704925654702
41.18423650825191 -45.82281746721291 39.611125666208885
-45.018953230072896 3.580510472177281 12.201384701800869
2.676728929800766 -4.2794926029397535 -51.25518403447151
8.421384353202109 -1.395044728818639 -0.19086022831225735
49.10284442224075 -9.872519150900507 3.0645274376488074
8.147173155320731 -67.70844082912109 14.065906247266858
61.41533321626159 15.734835788467628 -11.061908651806098
48.90134421419368 23.165064563751034 -10.918309405522816
66.25724337127546 -10.815190073356472 -17.371100489540385
65.81482717955147 -16.47983904535939 -28.11180772729821
8.183669865913973 -58.09737772801473 4.032578098501354
-7.519687383076511 18.52514807515911 2.6091065602704804
24.94522303466058 -60.924982880577204 -33.726509399942266
12.314773102076057 -56.03757342953041 -41.60042728833071
-6.303120295900998 -4.483595089133934 9.379208586655963
-45.66724978553488 3.389131664969179 15.520081017447149
11.993689209317969 -6.715873304665457 10.493576161842391
-4.27665881608446 -6.7615216862918395 -12.540426743367904
-39.38121823193249 2.3464120387761307 56.143046525353405
19.230675324790024 5.4796864604216875 -4.861482594061178
-17.69405772890333 3.8671914879627067 -45.821779833601646
-45.74247508946757 31.95243945197196 -2.4065792103052335
-67.80823453651477 -10.19022437471772 -5.8805441829964185
52.44537531031576 30.560510492288014 -28.049306534694647
-24.525476949071123 39.658063761024856 51.93386286114477
20.92780610365527 -35.33820509082343 7.787419231529205
-33.85621427689143 47.70635282061052 -26.328493749556454
-49.04343874543547 -9.723980632755454 -15.63972654913333
20.770246175467104 -20.13142800026687 14.619518099116341
-10.010536769108752 9.739044161382996 -51.61875078742494
10.102226722105646 39.9547707362766 -14.435763812771581
2.1358972569145505 34.99366038563445 -8.156945033284002
-52.466656184378905 26.64471422264992 -10.03721257413845
-20.785638767422107 -1.0962483304086008 5.58152002566595
13.505357212397273 3.2472669676286245 -26.043663100448807
3.0313473081336775 2.7673851448735616 36.528115262236135
-23.7628020949499 0.21708150002101517 13.867127250436207
39.24747095619015 -44.51394042397477 -48.45635394650922
-30.4536914896394 -53.38344136900546 -11.715968122157244
-25.26237250637999 -43.06848556585675 37.568041954651946
58.58838665071765 5.643755259640304 -12.222150592425177
-46.61087531132387 -44.59949742642983 -9.246468481859848
5.80057618251719 -3.0250705786226133 -3.520313370605063 3.88046073408633
-22.25157306685837 -20.825866982144152 -36.27427252289708
53.97983864404524 -23.60509679703811 -22.650179989936465
-46.31114264208888 -16.25809790683327 1.1431982351582042
6.718678132344101 21.750934803744038 42.8410920434789 18.343296377699808
-12.423308901478672 -4.232567962147159 -1.9714854037617426
24.768775018636894 -11.397078323200171 17.301184760209463
13.1804309536229 20.783815665718425 34.09490262063825
-0.00422574724097711 0.03237367769904516 31.530987827050808
-21.45832766491568 -32.54197216635924 -51.73927003628733
-24.66831738617749 30.36858583506641 16.458683278695588
7.896138509005987 -24.630688710682637 22.80233938623497
-64.16355404464426 21.163293770298782 -0.9047808699252265
-69.83757443499036 -4.785126121816566 6.647904981273303
-15.597623209431372 -43.18982847449279 -19.150800293609212
-1.5434961220775216 -16.222970678064495 -33.29320327776993
-38.682222178520796 16.527476325271518 6.151628225923343
-2.632709173068246 -41.45797958926888 30.809767766164658
47.95510488603251 45.252706428784165 -29.712063798332657
17.64003622921111 21.415991823144683 37.59950548648327
-34.85533669996438 5.381363239246166 -15.248735625290413
-0.9155212851285176 50.52543388915286 -21.30038600902291
46.794387918130624 19.805826930399988 -33.52576067993774
19.704292764785055 15.505791331463932 35.917286924147234
-8.40909595606623 -26.194467828305058 59.887204932873175
10.398405948510602 36.13484289482997 -27.491738078527792
-37.442705034312496 -25.86573365269695 -38.52508375006789
13.681731827175165 -18.04255968716061 17.06135009521605
-46.29354906790257 30.795450485651838 53.93315057815385
-2.1634824850433603 -40.00149418221553 -3.2848013152342497
23.245985884300406 37.26640896906551 -18.007002838004887
-14.380478291920909 11.095766241434639 -12.652884542608001
27.354032166881492 12.751913095525849 -27.284750273496133
-52.3567681626664 37.6382862922823 -19.60628198184563 11.519460358876547
2.013139728896791 14.648120655232248 -59.57204607596823
-21.371591279607916 53.41687864187019 0.876310869927606
-50.48655771681501 -37.1085054354549 21.921981210815918
-11.893829322528969 22.922839959636406 -53.30717337001766
-40.67832323764494 13.486242780711658 -26.296780393227323
-49.754058365032904 26.503493530092594 -21.062330707255228
19.19011477001562 -23.033167010583284 0.4391060132873211
0.8906327943778253 12.084248288761373 1.6370091275082554
3.532347096279629 10.465182568868247 9.123301264543283
26.696237675046326 -31.714305537315557 20.955194000017563
-60.44042000831093 8.954258633501976 -60.347141490754304
-44.429817966712996 23.20813345927396 5.897545842010127
-50.845782278037426 -0.41241903151241543 0.018593377840084645
-49.86734099702212 -9.426684984193109 2.7256165167422837
-10.136909527701253 28.64727904439995 -0.0747109394895266
34.6310988449692 -36.67974833052279 15.571768182742616 -54.5654387409298
24.698756164075387 11.065420743162584 -18.057030390515813
32.572712478431676 6.360606787933946 -8.506993188314206
-23.197386822600144 30.320105123335978 -0.17724697976165132
2.462062898590794 -1.8726905999123156 -20.81377594844153
-29.856483344458972 56.90229031622717 -48.42473330396923
-36.55387980228924 1.4826147220106196 33.9459493151332
-7.154044169649573 -0.11186964556362253 11.421373095300305
-53.163673849147514 10.088106843133327 7.778476537330462
-8.053608188928253 -10.347639613237375 -9.734467283750789
7.833969336358596 10.79852984731675 -4.412493246050733
-2.3645524881929756 -0.5300900812709505 0.2587137656804207
-0.48625233395538087 14.033150651897934 8.432391143083612
-4.427953468508305 -37.168849363078905 20.093243546067512
32.38322113274164 39.27818185390753 31.96630198926611 36.05151512218934
16.475485411368794 -23.330496409273497 56.59978213415901
9.359990573314372 8.152058091698917 4.465672197505524 -50.13165991652364
-14.313306617736549 -28.051820494709386 46.06273510576388
-27.387997250120566 0.6973110313359611 3.607278627786574
-29.94349248051504 -17.332905859745672 16.1099646859286
-6.976866437144996 0.3744778431734039 -0.07736976290584278
6.716745751637226 0.9876294166210775 -17.982325379556144
2.0740873916315983 11.164247510703252 -5.145548805418972
12.60592621275534 -17.842991747552386 20.414314827750996
22.170612285674757 -43.393595661764444 -2.5166045653429605
24.944953271572615 -13.521636972797841 19.01629554153503
17.762298701659724 30.160385062168046 35.343304769796774
-22.547183879662462 6.468779741909217 -6.911184752099979
-3.331204845137251 66.60089372738246 -8.045218076216123
0.9307272217826984 -3.26542787337107 3.8468493041339737
4.359122903418287 20.778317775545826 52.97851513304982
-6.024417886420507 4.606416194145574 -2.670568548623763
-17.436441636796893 -15.99032837893145 -9.93442249749731
-53.788534720900536 -18.91673921969613 -12.322476226063905
-39.893269759181884 -6.373122765323165 -0.2968483818321094
34.986545405251135 2.753408527105335 57.37193187678574
-23.95733127214853 -3.011982556256332 1.9438120265122796
18.985957554606486 -3.415272171886258 60.11314362509069
20.888598847476825 -0.4833127683170452 -5.807587810445373
18.144936632259117 -31.544950779391627 9.18722019989988
21.867563932459696 -0.19962114987784169 1.497886740071675
-11.087295821059982 64.11070671980274 13.986543526404677
-18.6154048413572 -3.363020150745597 -33.90411117562716
-31.85061329636365 -55.790829663566015 42.61876574963549
33.21281956957579 -27.909025978078667 -2.9076811426845706
-51.5289480716142 9.553826666374595 59.191258713906535
-10.79690617173338 12.032727587727617 38.36123144719257
-43.93016645470746 6.453438746003537 -25.74917824501113
53.325939797742215 -8.770132218973618 -12.316684658478607
-25.774927557092433 -53.12881318451789 -57.62812852007223
3.6850682494823377 -1.3576863782887758 56.846997001430516
0.2745179995675966 1.3943841916195656 -21.638943055232385
1.2609769125556767 22.541342214315556 6.372703035307334
-49.28194891704133 41.291171248357095 5.194757097957369
5.763378283643919 -5.4053028405189 11.02390897411565 -10.982986749093744
-1.7288253335128017 36.30379791894297 -24.95653545091252
56.83869282738128 -9.805802205815528 49.72964142171867 -25.4204560919205
-10.586479494379699 12.739812640140372 28.02355112706418
63.825925133419155 -13.701736895880812 5.200768999787677
40.664974755042756 41.65932052323497 -42.17966501865067
-28.71733323998673 8.306036408592613 15.015099112682625
20.95576193693284 21.417371210126767 23.815771711235165
-9.342122593913661 -15.735268791591116 -45.2163292302336
4.180354133936254 27.921796697404805 13.648693789941357
-19.05506063275231 5.451398934143664 35.36297952373172
-29.019950012991256 32.23077144769898 64.1086715527226
-26.16133646915086 39.454993542683596 -29.894835016696124
30.150886809386012 17.117476840335293 5.679285727864056
18.871574820294903 17.84044409576616 -63.39599128698716
-26.70419513706155 -33.84857655563866 -30.822017457534997
16.307632198265928 59.959864405576965 -9.580461601118236
39.18341087896124 18.244739734454704 -24.919669398344414
43.38380722208977 -1.80929283436813 38.477161863100434
-31.640314888966763 -33.107844918269734 -17.837521040945898
6.568434176575472 -29.942175073501698 26.84484255632672
29.29495221360911 37.96413552192841 -16.19445070491532 4.111740059539859
-9.987623716974042 4.926462757884378 19.989461733665234
-58.97669105950711 60.776916274554786 31.993222267776407
-0.11112680572007981 -0.18665938525181267 -61.13397560625115
16.258154590106606 46.834433764932385 28.24092095061462
-18.567554395420686 54.85947054434254 -19.40332312117163
24.350999201583235 -9.66379810267771 -39.70507624191666
-9.487915282645368 -21.400976704020678 31.221586858413584
-24.680335767570693 51.31902742875125 13.33228456955739
-50.962133828901806 -27.885556252700237 35.82215688757568
-0.7103963743883098 50.10200272652329 38.21039127841024
50.25644052801894 -32.36385982283986 13.964849595864843
33.01811496489716 27.277934642619748 17.841938250110577
-45.82113535995106 48.55281136230414 0.2502243621733178
63.321118853010375 -6.709144305385656 -57.673938648051276
-2.2313773005028352 -22.848301804759256 16.652599936801092
9.897189856055236 22.174198231016806 9.261604349780256 41.57694424371246
12.429783807752228 -31.906306741639323 -0.5159741706461451
-15.417635775891332 18.490055845301878 15.392237965048288
42.97828251181979 -1.5729559116289358 37.816576000823986
-1.4357720558525031 6.155000339493024 29.70219431749733
20.969367126543105 -0.5155188180438343 -4.818458559359186
10.625714521090464 46.640590227509094 -11.668400849223008
-14.948050107039004 -37.099759606340164 -37.54010500708938
-13.401090085423322 -6.299686816309652 -2.0189240563553987
0.5642453808523712 -16.791862457557166 -20.27611355204391
-24.12691620347121 11.83904452958453 -21.83414615096058
20.511183990817653 -15.530508629287914 -43.81410943443446
-20.737232182370704 -38.23658004350333 29.656727309823182
-21.949914238153404 -13.301080011055847 -36.52825973126176
11.244411904118824 -6.339180265498889 13.544733876753636
-56.3506542388704 0.38399147637730124 -3.2069553847695156
20.1354395890694 65.4303898090755 -45.93477342069855 21.523884323101075
-7.561541349456967 -41.949761417030174 39.69222516936482
26.339427474355354 -13.088876150064433 52.624664762182604
-11.80388326301507 -9.72287982407038 13.388011003145467
27.26351054379665 0.2228302445158964 -14.285246147562066
17.822650269956657 -34.645881570529426 19.042311086689637
26.13453929758188 50.302073406122204 7.796343975566725
0.5940480119565419 -6.686588615246728 -9.473897582180099
8.593825885290778 31.39553098779547 19.768016828339462
2.0964227558032213 -4.471904296918175 -2.066212566701697
25.598947300266687 -2.176755617408703 -3.286367152273782
13.799844488868374 5.641127064112511 -10.628451652186971
36.321167375915905 34.38407614542175 43.62651408231608
36.521052561516846 9.57701470815549 6.281350527545395 -8.984188433254621
-38.55308226158235 -55.35193159581055 -33.291235071919104
-56.47452387102071 -11.486800127421633 -3.3343867613687928
-13.870232558464705 26.974374348507194 66.70600137801061
16.63143320422853 30.618255176576923 9.991861572763629 -28.3183603039702
9.136079770075265 7.711622967893663 32.828678122748066 37.79187212493497
-5.705409470023654 -27.876464978152903 60.876070706692
52.046513666193285 -14.18449525027285 -5.4536603601995814
-15.7499092282383 15.849596528950123 -5.889657691833053
23.339122636269135 -4.844067699460677 -24.811380449460977
-22.615445808602942 -48.4825183644296 13.118122781930122
0.07757036882731093 1.3089302311258553 30.953243213112458
-44.763797933434375 -10.019812565112616 -2.2602600005209275
37.47675658832362 -50.74262575896365 5.428957930016378
27.796418856111707 32.987771461468625 3.4614643628161814
12.288989840830093 -31.685581282442968 -2.7594474966594635
-6.814543596088834 0.45884570338129743 -0.3149394155071739
-67.38369398516971 -17.30320043154999 22.42116462681425
46.72204115980388 1.4226990661227388 1.9790975724005784
16.034243171550237 -10.90646368481105 -47.8862308228732
23.627913307131166 -8.5890420160491 -0.7845094954520007
-37.94264758665024 51.410973255541535 -12.923698829108835
1.2736198592126804 -32.58381518482825 14.184381602579274
4.492047451132983 40.328216797422016 -20.424564488192136
-55.743005450906196 -48.33863101748968 -2.8709075205455235
-2.86374055797761 -35.25718626606513 0.028536241985489586
0.9689426846372433 -13.86646707266108 46.02110826294488
-37.56901320768723 -42.3683174718552 -16.52884303449464
-7.530080811623744 -45.56038663538317 34.95150365067634
12.374090638769296 49.70896833584097 -34.20385816315517
-16.419870082790744 17.190082895361062 -11.827071213258664
11.246795148185653 -2.131654169396239 -7.243023395690641
21.8473606600204 -52.492797757088645 -15.499983937219552
5.695793343529673 -17.829889180637387 -19.398297609013607
-9.576588452799488 56.99988003530329 40.28810388075303 8.053070549383774
6.587797846503624 -9.025935465030669 -23.50075041490735
5.348010724382632 5.342367781333183 -44.8206680399262
-20.290846527451674 8.586148651953307 10.180999824385374
-8.663570472237526 -6.680781289495568 0.8001122489956691
22.588769835336397 17.00309118569443 -6.556815480507439
32.27754877695754 50.20514773692214 41.545231586318685
17.674847503518247 3.1847456553083116 -2.3201333426186084
0.16503341722383785 -1.2349594795298198 -20.818197981104717
2.0347874668792723 -28.174712514178818 59.17651549087008
-53.98514107523075 -2.284533467243761 -4.498200856471657
-47.717309286029234 -27.24834730233966 45.02194051465266
22.38632366963616 35.915435008818456 -4.090107032884317
0.442440180108365 5.434740237073711 -60.08426474522645
43.188264955620255 7.42877854218653 30.48137419417262 53.736040430173546
-58.98248154929317 -21.76929980333814 -7.229443096209972
0.15059372595814888 15.080854854533406 -18.818062890016815
-24.97540648914178 -63.70115016651428 56.01079755265049
-27.34110466673858 22.484758341701333 9.26222815775046
-36.91953122531835 -11.852565137300493 2.6025916834372422
5.279407691693824 50.86004763361796 16.098846546626394
-3.965288500783538 -8.284628759961956 -20.838505780550594
-36.33210049311842 3.9559702428631818 42.318811043929486
-6.286414908426447 -48.326085742511175 17.149789146663437
8.992348470015019 -36.01011754243868 27.205577167860454
8.343313172654153 -43.034327290995606 -36.52036970049242
-20.148780808969104 -10.246027992841073 57.858502177571594
-17.638273641985712 51.85708137421835 8.871458588206362
40.60115878382978 -1.18156995472117 -2.0754862467949478
-47.81453788757132 -49.62213193387144 -9.875016372519726
18.76663999585824 18.682319188302536 -37.14116448805546
-46.996988522689755 11.150408222562422 -16.289124681122487
-7.767599689516795 19.242361793881916 4.759568946853489
14.283652041392285 15.304613961016878 50.49944106747186 41.7502137591276
-33.06248552749924 -55.473883073310944 -2.4225277508816623
-6.720005620451993 55.44399296875047 9.806330412809304
-4.160387840368219 1.6116084261384676 -14.79183938805907
-11.127275582183634 -44.72415270995822 -7.709664277448726
34.18125476342711 -56.35428977873441 -17.145432160525974
26.340930674276407 -35.42320566913315 20.055493076488855
2.9711305597464808 42.12245893514645 40.72866353203277
-38.959060111945725 6.704226950504769 -5.058616449874867
-3.9626976761629154 15.99667464959624 -48.75698777232191
18.17009497271522 20.239976055281673 -22.18635990175699
2.0651855139262603 1.672430263548392 22.849710983518623
-2.265719861376058 -21.047696674460507 31.442855010231565
19.157859060331813 30.553847413760234 -6.790642779236905
1.2779407628238573 38.85431381002748 -26.652756126683844
-7.721735633338524 58.80194512317628 -0.059743749695129376
4.061000127868244 8.729448573591233 61.73958621626209
-17.914186363157587 -5.725510266212538 -4.442435885698689
9.836028623219098 29.30712679471844 -29.104955761129318
-58.39590185047021 -5.305873777725101 28.308424172568184
23.463214294275275 -45.06863274469654 -11.473642810319575
-53.271340024327806 -1.9447611815275483 -19.63305744435625
6.333001530400925 -27.990253536704028 29.393815591999832
-17.271511472615718 -44.1593217060769 36.904042441350725
41.62149408496046 -20.186956572750557 -41.66872920160012
-3.319735792661888 -5.1999211344750425 39.35416855201074
-6.72805538431438 -9.229383895774784 58.15295403468893
-16.912441711294502 57.575150215816116 -47.86316617492371
47.44377108049344 1.4553677125216016 2.9457639622965464
-3.4076056080641774 61.529402915078165 42.88208955437299
4.945382791771728 -2.7998865551856293 -1.7560499168285508
4.945925362946034 25.689932109752633 1.6211572750892105
-5.485309975312614 12.610409927898026 -43.26066190489813
-4.745885125682162 16.42576919888043 22.777258863619913
26.552534848751865 44.79566837198834 -11.345905429324542
1.1099421931432918 24.967292063576995 3.0397052697341325
-5.974202520996141 -38.200851162485264 -55.89944169376656
6.082760397818184 -25.321662192942817 4.189065899509562
2.9549799878354412 -60.91659559408248 11.486213204291328
0.3075409784603455 11.847572307571523 -3.8471404719638578
-2.9277333412685804 -10.480424752923199 25.908148156871597
52.168608066950654 34.207156998548 -59.84712946671871 18.266177187259142
34.725191760626814 42.93050504169529 -0.2171126868873551
-0.6011299686357217 5.632029122611009 15.232678433787688
-2.96410174749906 -66.58355731384121 -25.822159474368892
23.51944899466595 56.16824720996905 7.525934184259986
-2.1126758734645152 53.28568865479997 12.404785313712694
-4.94332762058857 39.229572864458085 4.624432400956634 60.54639277595504
-9.86387822489786 1.0747800674418635 -5.901806058469601
-28.684356152860488 -30.433032274127648 2.281718541718677
-61.283270548152174 -1.4921948847231405 48.404237290383726
-21.02218999203141 -32.93603768362066 -8.348297668813478
24.00900373348695 -9.330411276884744 -36.01311468227256
6.641461772810387 -29.883853798390113 9.461147569000884
-56.99536830414999 60.7187584175189 1.9025554159734503
3.0423017743843874 11.93621610506089 29.628994682874062
-29.691324829870247 -3.3469378496991333 -3.106470458858846
44.928436966610874 42.704930752120475 -11.201964734402667
22.989611243136416 2.283538429714372 -0.5107445502442108
-40.8180240198522 -7.050504644869655 2.0946718437027037
25.73529576477909 -13.035046560394338 -1.802333631026342
-47.242728940635246 -49.043246061639834 7.200764545761772
8.640603845325796 12.847303502104602 -22.376655881073244
68.8107375756558 1.256390736901611 -12.436449191110304
-35.51657303113062 33.34076841183282 -61.4038013656255
-19.06965710083388 12.176551587474126 -30.47426989606724
9.583795362806146 -2.2916346682851736 2.9637952286997757
-3.153917211951746 -17.07710741845941 -13.672863440155835
34.39076565668296 37.750986018747035 19.60692175528264
-12.943810854639732 47.36049037878365 7.905777805224205
-0.8806422652439957 -20.787385769031285 9.453926192289753
34.63049749219516 -38.74642541409179 41.90415123378622
10.336809732250304 32.80202809684595 -19.680572444648334
20.54642758188674 8.586505985032574 10.105696255497545 -4.29027344691102
-52.5316173922209 1.877719891938664 -29.693225857345983
48.38083333354498 25.785725248108417 2.942286060102814
-2.123238571291913 -6.8110897464420725 -7.082642241983111
35.44689909899331 -60.89534208697016 -0.005481002071708476
-21.599590321246342 -2.891222923694928 51.662010600478794
-15.067604174597886 4.099219391113716 -0.5321665003888744
9.624041723683524 -4.219235082536597 6.138377867668335
-67.43843087389422 9.242989030246905 13.971543895835739
23.65062442960312 59.6048245060294 3.7258553408386597 -8.092455958755329
-27.08943294875709 45.63865451292124 -17.16120535695856
44.97433189550484 -1.0305247961763289 42.48573227828206
-0.9582135087452673 -6.199803348618823 15.229115021856732
-51.418501661184706 57.394334188307255 11.069515622109504
-40.57263513006304 9.029417443615987 -1.6504282313534742
6.7149524903277555 4.747135666810355 -30.58237352113716
43.68646507259685 -15.156149154963149 61.34524843917684
13.723259815077112 -14.001951772172355 -23.337352327813033
5.948516186841097 30.73720363624155 -27.778493519095903
38.42639378567413 2.0973976557283267 17.404975783286382
-31.58731408062087 18.744940895499465 -6.353518415207868
37.743635396157586 29.956158005354663 -14.643615724193367
-51.82303517039521 -27.998900414614187 -46.25801917893001
-51.05677522239598 57.46876219664996 8.252561230339035 8.522400245270463
15.956313130047729 9.331610007649529 -29.221249638206082
-33.624652537139134 -41.89049598647602 -64.53986723251906
12.06460738783902 -28.30479237371413 0.27592612802086347
17.613977705170786 7.428847479271329 3.066752207971753
-1.140656666472808 -10.169745469656796 4.9345617191954245
-67.95177791770378 14.506172599881324 -5.054917900145529
15.908312409835444 -7.923221700198236 -30.755932640627172
-20.519025213356997 -6.324045304445037 35.32381837134263
-1.3951373131702647 -25.507523617375487 -61.04302886293108
2.2387228051333 -3.182166169713758 9.503887033904086 -11.187061060262439
-41.845928956642105 -46.946144822856034 16.32474192004307
34.38061482526095 -3.4497207468775786 4.5974218574551475
-13.825056022426601 6.352330786468084 -4.586468722193881
-3.3619568794080807 26.634422215419956 -22.537788583190743
-8.140122505325179 8.209883712233678 -7.933784162925634
46.65071827367762 13.298163609830961 -22.693417630539955
36.98938589428823 -19.540224086518652 2.091672755134609
-7.539278442526717 -8.561503439553142 5.808479290773662
36.14845950983466 -6.622801494777221 19.10796618343078
41.315081986769556 -30.135124820266586 -0.978981488022178
40.722255964363725 -33.12386043682187 27.039663811166452
10.78867844428383 -2.8446365505550837 -0.21890171112597456
-19.77850420889992 -29.204161355537103 36.34711900970044
-52.523682969531436 -27.54864143017338 -22.88856950226846
4.296608110092044 -54.268978365438 3.333626477246312 -3.1874787568456835
-26.480833750472705 -60.81066838405792 -22.447203326227562
-60.82752210632616 19.64138058375223 -31.95118307590012
12.813572372143234 0.6208372583143545 -9.251744313964723
-26.097015390526664 -12.808750399183669 44.8369303268134
3.252830782693204 0.3932516628922014 -61.164963509545856
-9.090600461126305 27.32401988435776 -51.18713268302224
-0.35397421466143497 -19.879864402863504 -31.740414762343622
-1.7514660345073878 -37.769310283922906 42.71636980295463
50.21394849817727 22.822236200032 -8.813363806148457 44.517689439095356
-11.37612082382949 -2.3943395466243764 -25.372166191628903
-19.10317382288425 -5.004431983604038 -3.625235418263922
-12.70333626092108 -1.7475199591732313 1.0789684328552909
-7.483394323983356 66.02530952962684 8.410528493875354
-0.003695337506781883 -0.04327290504120187 12.029968710332216
-8.59422629647723 -47.57875200884872 -23.60831226235135
-34.10464799347379 -35.98566893915308 -4.455303524906912
10.065809267541372 35.996057525395734 21.494574504652864
-23.514447082318547 -59.987753045913806 -21.647443179250534
31.647779625247193 -11.76830869158154 27.323328025461368
7.13108231600081 -27.43926463844156 -30.245862096614328
14.580268291873173 23.35708356175459 -10.751693274039532
14.311707146118986 45.32892444884739 26.527553799240952
-27.33535120385022 -24.86137055051125 -0.03548555992546064
-38.15605317115098 -54.55134566532302 -49.69430696163189
-25.719819952384302 -1.2371099822343674 -7.267130780233426
-2.475162338240074 0.488097473711894 -17.889698651350358
-50.711287348493194 35.15125176934562 45.51142085995115
-16.59888583922237 7.61391219361189 -20.996692615421257
13.059514490964636 0.09073074412497736 7.611404766232317
2.6406980818762427 64.08404609658105 -10.531907126459469
8.085261130093855 -15.290930791366744 1.5935684553510114
0.37535300328972576 0.2147698018619718 -46.472427846541116
-38.27830673711835 19.653515462727064 37.34577420730309
4.5539338767364095 34.62162650080548 0.795482672622524
-0.20214444369408413 -9.543223200071704 -31.81058275407786
-0.2211654542899829 0.6057799385148647 39.69147894939158
5.002041497486017 50.94100431733089 14.852018213516214
-0.13084848462016613 -2.353775853338586 15.647558519491069
-9.17526080079118 2.919616767954124 -5.723296940736572
-15.90549389695193 66.98001761055583 -1.4921641627191604
3.125403931307509 4.719328000483878 -17.206195091922357
-58.18407025832643 7.249483230875344 -9.163581492860066
-18.516090529529116 -2.5397086162373554 1.9671869419664314
-26.929759122272454 -29.04651263168504 13.303155701462517
-58.826308379540144 49.50790373461645 25.7662229526654 42.72073083305892
23.82632213180165 24.87960189752735 0.45463692133618705
34.641168290176395 -50.775084304727216 -23.75708989252187
-2.56366793794303 3.32129971533324 32.24539866614766 30.374401982711724
2.472471625479157 5.303710114525006 16.143098775614952
-15.42098738717527 -10.023421296685054 14.158127718549583
3.4701596078363552 -19.194982615466856 10.387192825502067
-4.88991662280501 -0.012137197950720864 13.601564696235618
59.48378947076961 6.427444161322206 -52.363526401344544
-39.284966336701025 -14.915823222246072 -16.41851719177737
-67.50157688838912 -44.60403696466972 -49.85570632677544
-0.8538063233333612 5.017416746521511 2.495877705947605
59.212751717603524 -5.671866931022793 30.475573365441 -44.71655921897246
-53.600621852486036 -8.453917498542749 -44.744383758445565
-42.64511276144868 -26.939647545092882 32.44589190499251
-34.74356965197845 -32.6990557843005 -46.48957273692485
22.599279902380694 34.66857863113598 41.686808545900384
46.66326120859019 7.014554537453388 21.254990813627494
-28.788133030994086 8.210187388335973 36.540944422529755
16.305912830902198 -42.07310458441468 25.648838722055224
2.4598175909154314 1.2386824811876007 -42.06614370637334
-44.179795090388446 23.87381056261013 57.12810345885792
4.157609017070466 -17.014414265422587 26.670063872412577
47.96053503923706 43.23535458684559 8.346279217392748 3.005651298507621
-22.189490724701415 -6.791970521741812 16.04341154855563
-6.701688043853544 9.83906060005843 -43.6039506480311 22.60458692578898
-54.45792599579616 -3.949331544495826 -34.47559064807256
-13.67388371772629 -16.76399725940666 33.569606864145705
-17.034256383990503 43.682512317906756 -10.739290386773384
-58.52391415038553 -58.939694213527865 -14.70084744501592
29.283209653722896 14.026625824114731 -4.5658776940783445
-9.558310776227124 29.78821694648269 61.1807860547597 -34.40861897525386
-33.63240623318036 -0.3144579186803218 0.12311056848640702
1.9615970257278297 0.8919069215688897 23.585605273881963
-23.09327881220869 -5.368690262516547 -21.741013028140966
40.138609230051834 9.902004436242315 -64.94163959700346
-11.931821997431417 10.750274008836412 5.091116420614753
4.001818032422385 3.994042570846732 12.925423102913507 47.68000993141134
-52.489086907387666 -32.20799104765745 40.08454762312215
-26.86074892817646 -32.053802688471194 26.76865365248407
15.945865154299694 -0.9301144049015182 -10.230858152146814
20.559318730608496 -47.75047251494378 1.5071337523732113
-4.34278618187942 0.28877024733950146 10.68378478729289
-56.60398832418602 3.4684677247933045 -1.292499800153904
-15.379116981286204 26.267808758017882 -7.886586393684199
-0.6781357599978488 -1.6380047601719225 1.6291664237911323
3.185339766347315 -42.273030761993134 65.06254364383952
-6.691937713491026 -45.83839829777155 -6.193750898486384
28.19369917871712 47.82108286706839 -3.483654199812226
10.271663170055573 39.21921529959743 -53.81798354159278
-15.392282284990976 -5.786388374976644 4.686487502017737
41.03177786313183 -1.5314804441266074 6.04242924036834
-9.940058843738077 -16.844365532384916 29.583969187624003
-8.581569614336113 -26.8624143196534 42.68104097236624
-23.569811395617535 -23.261338634241227 -3.6379810083322246
-3.5074878270645704 -53.64381098475732 40.96016582028095
10.295163532895545 12.808825266077417 42.60890822680322
10.664455730699682 -32.13597255476378 -27.5403128413248
-18.281541382704265 17.598275182410486 -45.354695081858836
46.54977206386603 -2.123723482939629 -1.7529691392204854
-6.741531152673593 -23.714520556467967 -20.862134763182116
-19.500039094932266 20.36185596074858 36.68746810806684
6.9593899902033565 32.47798837161905 8.090290901946773
-38.97544070671084 -46.586746238116355 -47.85130534332073
-7.0426358611126485 -2.4195053744615995 48.68813657553873
-50.037553275147786 6.666789443329206 23.914534876165078
-46.24955407872482 34.56240219317912 -18.89611856635768
-16.88337304506944 -22.553980803396833 -64.87881222167995
-35.030483704120186 -20.40649126834992 -50.78275480024628
10.288404550896862 -7.319513215118402 33.08672241455091
13.962429299426969 -8.153670150271001 6.787744782112407
63.828538552780735 18.236394989019782 -14.550531611218288
0.20948989079250493 -0.19325547515313618 -0.07745808187642204
0.08266358822288236 -53.27063931921112 -41.85480564547231
49.77492506929956 19.67626495611124 23.496609631123224
20.119700287494645 58.008160469084295 12.570092380493659
-40.57339034606768 -38.719275611058755 -6.480103333931407
46.60865099132383 31.36010775249521 -2.472108610708894
-6.834929947122651 9.938909995751235 18.12802671442789
-25.783941682926464 8.273610191824131 -6.126419312028572
-2.107631025204977 -44.93870922046546 -20.532864368635167
-17.71579151790069 62.57622715210078 6.295556975913376
-31.00454303800423 20.21637518267464 18.5185984593551 44.96199445099423
24.380173165242187 -8.402649445475905 8.327874278467354
-4.4533756533385755 18.367248919481447 -4.476176064511766
55.94144929430611 -10.10672596135112 9.232682583022411
10.137956934408418 1.0842396865900927 30.18134718818149
-21.593578441353475 -40.001478846153375 -21.101618554046897
13.682778935515119 8.17125086160804 32.7600110581622 -41.438360309513406
23.31626840089528 -28.831132070999058 62.942757815128225
-37.249931916124886 45.19008795708448 -27.750441627975427
-7.177101641515916 -36.742983820518816 46.47246594044883
-2.7314218742177285 45.06244552440833 -23.94205308919036
-18.59686489165386 59.336028580086584 -36.473150325307394
-53.823817831998724 28.529766956980374 -26.203045497016
17.32128404431513 14.978218573054225 29.036924728560344
-20.663417590189578 9.86535419906001 6.4531465338900285
49.45450997245197 5.619423629423216 19.111744331985967
49.120855489240185 -48.55215441488204 29.641974712434234
-13.75881391937589 34.53400616587219 3.36781921371541
-1.1187421878155723 -25.871867793749708 -49.72487488815555
22.784237839526345 47.204866279423605 -1.2689882214599224
11.349486364198768 -12.249987538299129 -2.096138024000635
-5.463572736250456 -11.210478319124883 -4.472386797717835
-28.702238932993968 -22.92241665020475 25.543892751211782
-20.06132335177504 1.1425941350195303 3.1853988744823556
27.932061262165544 -14.452095668735641 29.12502687334687
17.591720050667316 41.26943421391861 -5.451440362760644
8.526022113347153 -18.526631997294572 -39.248665470973776
-20.43808983062561 -57.739768296487874 -15.31698672973385
8.560515707740247 52.51803239826225 52.40378798715064 0.7217712541029021
6.712549460135797 22.614025093240876 40.71554554014179 32.49378572280527
-14.95715628419249 -63.87777877264217 18.592807497265433
-3.7156670705993067 -12.002479484921942 -17.118273515115877
2.7567147924232387 -12.144808833471997 -4.68411464801622
6.384370666164857 -60.2327401965653 2.1811933995774653
36.550948291985634 -4.976470877482485 -31.622337156465104
25.463061135439023 10.513136956764402 0.7939322655158698
-1.8316006620925938 -6.549343004765497 -11.35824038026929
42.52127367806405 -12.658967448908365 -24.84238456193297
1.4768813454210612 6.065724762779731 3.8133978681967653
-3.837812246171347 -39.08112866887587 -12.489329011068225
-27.510839282134135 -14.572720447340243 64.79566556986094
1.9451545643447619 1.0810722811396387 -69.23529367279353
-3.4215584755798107 -27.437358451054074 37.826947531720634
42.70884579130996 22.74339149083156 36.22023330326912 -3.326029036249668
-14.725680708153124 -23.2166009800283 -17.46490850865295
-10.441382133215637 1.9319862317283534 -15.099797571785384
-57.33077717657507 -12.465899908755972 15.931136897234866
-33.57419635876848 -27.96232385495868 23.00687095951597
25.957449238946595 -38.36290161403594 -12.396476677996686
17.366622695271555 -47.46157809852353 26.291301339064074
50.693035634222326 37.761618404849884 -23.63806026195771
3.9339824893501083 -21.96750534877204 1.5452544628948555
40.36950789699979 -9.740976673286385 -4.682207800813217
-46.95524163439094 -21.67382617916536 4.406303830176822
-1.2488355717791255 -13.984270079858582 38.2450898981955
-8.032500264042975 12.296128379144589 54.678149377849785
1.3044758627476862 -16.662664494011274 -1.0122104596996615
6.270303471896701 -18.535585298663044 20.306240215185216
60.84693656527872 6.2335459527126735 26.465084545132186 54.3190013242774
1.9219760016716314 -17.414417350035002 -17.893585628606605
-1.7242673691595882 -0.405905198338279 -48.41319782753361
1.3898632941625524 -26.197363072659233 27.027407334994155
11.268440708805489 10.847894241743761 -12.219158185429558
-3.2181435642341913 -5.9731081191262385 42.41401487940406
35.64206916663922 -2.178048548615003 -58.70488720372181
-6.9505524883475305 -18.90116519575357 8.375943089787613
19.06442012709069 29.05980440486059 -50.98832042322724 4.653474939620836
6.439458019024817 42.571511316325235 5.857336795875921
23.718582113825114 25.792729967996333 -40.63818932651428
-22.63740628306104 9.528157518014684 -41.28437759715132
6.805413246364996 -0.4651235036683917 0.24853400623155558
29.331563825818247 47.734439834147544 -6.534608520580822
27.41355070252444 -10.083919429560595 5.378458357870097
-19.097960746914875 55.048792959982876 -1.8691234296873338
-14.528627440100081 -24.592315031813904 40.6930053610617
-37.90491653698073 -3.478185742101001 -2.1831215611901387
-21.294360326767787 -18.688361933288547 36.45720899718746
24.675664715379796 -43.86518595501413 -38.478194311492 57.04338073283969
16.82336221682886 63.24325883976602 0.4939474168528501
-1.3849206987483715 19.378353735549975 51.067097729284384
-22.2240143350042 -25.2337669110051 -1.1760426547427094
14.723616099785803 24.48484419864869 -0.8873058427009899
-24.596685280648142 13.463955047233815 66.61489455710493
-13.784495706308771 24.72234655785993 -23.915397662407695
-15.013834567417184 24.731522672327323 -22.139945205184183
0.2881964662176173 38.29775184337197 -18.1916056089171
23.334189173915544 33.664471369496106 -41.430158059955886
26.842606159448536 37.65883279891364 8.83531897890263 10.995176035937414
-17.662166321732048 -0.7130827552000504 -5.858215143666716
25.750914322853536 -47.16191251208214 -20.455081585176597
-1.3877384722201047 5.213160633465183 39.32882451529419
28.66529026751728 8.04955981397754 57.2460514727048 7.025080315014457
-3.6897938970229416 0.3200937428150968 33.29012999130098
-11.857482440106217 -59.42239101266916 31.719898253258318
-5.409873684131546 -38.02353640291893 18.32648290697957
-60.593862813205476 17.695674962108974 -42.22293663340554
1.9279542836628845 0.6390553435928435 -26.767050554716583
-37.65591992720221 -23.286149898451903 10.289874151190622
40.48926049758382 -12.885699129749232 3.11698711229746
-55.711259561305454 38.71438026421403 30.853933749048124
-22.4018093551029 13.57450841759893 19.30366713415483
-48.304809815682226 11.546910703978684 29.57164449726075
13.064283804163361 11.212585842105696 11.916144259511606
-22.592222280355273 7.412076865499663 14.88395529157856
0.03725190266032962 -0.4212668246293204 38.19130622095436
15.438628014861493 -50.619089014295945 -4.302432051930493
35.683240687736244 -59.41676824626512 2.3870659473700666
15.579420775308915 18.763243652888857 2.603868896119549
52.298142362356884 -13.535769796481292 -11.368133954177683
-65.68174880092201 3.4780153613985543 -22.691223205561613
-16.55121542689452 -54.82234140752184 -20.03797756870632
-1.9996256356232534 -50.763943361300406 -13.107727179100413
-9.118338662048831 4.478458039221136 -59.99381577628685
17.172694883890042 2.146494701258604 3.3637326071846867
-36.94873969202913 43.35195470408811 42.42280583415637 26.93992213667354
-39.977273027421205 11.46631606469897 49.181809749360895
2.3903381147288765 -42.400599819359485 -19.94647253601568
32.799334181874585 6.398463299272187 15.059008090062349
59.05218022893346 8.600841742644487 -10.115820307240176
-9.566465529299046 -3.6323563229530342 10.284274674770538
-12.088243808895417 -1.4799523551975684 3.4699114729648093
14.644693761587344 -12.688871802948206 32.588123391078085
15.065179741890505 56.86511413184178 -40.00228657003176
7.651007171821447 -10.147502657588333 28.237550340881345
-6.765462345503283 11.023185152053342 13.011858410881704
5.6766274461650035 -0.5988902809623967 40.599608662688155
36.819743231703335 -0.04562722167131175 14.907822964170515
16.92770908618812 4.369259174902559 5.855634079933041 9.593681719123737
-6.6769824210429425 33.181886444688516 -44.99651862376391
-10.597270078092185 0.25642087973576144 0.2314395665223563
-17.600131404956812 -11.895970828013777 -0.7226180524656561
-15.029552102413053 3.8208268612025797 -61.34359270205124
3.252131658927632 -41.7481897708287 -14.61433052613615 45.00210486617044
-56.162367549803925 35.00048497049709 -5.9366803087179845
0.46041129885065246 -44.347608413603034 -28.073131955595766
-8.867622927288297 18.422726830413716 8.744564090911176
-40.99127082302275 -8.366715962197327 -7.800804691573077
11.47052764469966 65.62354541488314 -8.706002315097315
-48.469444252906065 -34.457583462721416 -31.275283180975862
23.049242672489594 -40.92287331542966 21.48864288172574
-22.518222251219377 7.201647256150715 3.826010953093571
51.20468578082247 -13.442014237596467 -2.893449766617354
-43.51333139290776 16.37526485628759 -13.068001490512986
-1.5912805116628053 3.248577764578417 1.7010910636550396
-42.36095456958308 26.52232887230742 20.300787110202243
19.90374805413966 -43.33104107888677 13.574189323191133
28.448490187759276 -26.39313688688608 -11.811590266088773
51.671092292535334 38.0990153704796 -30.009264548682886
-8.61387412015869 61.364066178202755 9.038801593472659 46.68471139184826
0.69681116967043 18.601505052073417 45.98673645728002
-34.456771180331174 -8.326206264494346 -6.373915490375939
-17.193662463871917 -63.414550422826544 13.5663868495354
60.58581692525891 7.055475704591569 26.512184950365608
4.8412188122684965 -23.11402925635363 32.61677425861788
-11.83700502226447 -17.032246146697062 52.10347826999753
23.995066011534707 -5.793719856323497 -0.8471458205143945
17.65647511802952 8.497494164379361 1.102518785553277 5.148194871076058
-43.320981835149716 15.728725367440553 -61.99661375330846
0.28757400436052305 49.81986968549649 -35.7376167769787
-16.511929059130935 39.8181995976319 -28.998530682269298
-0.41109638871104376 -2.093543314902421 -23.42864298181013
2.8411941519978994 20.648624419318264 -53.087913129005045
3.1068648278984083 4.0284363506154355 -40.647218077277536
-60.528235140591114 -28.236566100829002 -50.37283606369113
-3.6125354589476997 17.761499503800625 5.834559330221138
-1.9663170954994846 21.182453206454845 -45.46093414262448
-33.05253815753136 -42.26059799471697 -5.191478781388915
36.365273415092375 54.000473898117484 -2.971540704929467
0.05003688196909239 11.861470155026055 4.12841034092387
1.3654738964417616 53.37949689778923 -2.5329848090046236
2.846789253570669 -23.38759901189586 19.47689303735217 11.23478266121245
32.88372395878767 35.903466605257904 35.851056471327446
-29.749665993259423 -16.931210685145423 -4.20514747377007
5.645980729026707 39.103385989429015 4.795733604224787
-39.20057510024248 14.680717881548887 4.069794483375464
-2.300142285406446 33.57281708388122 -58.880288297407944
32.04015596339941 59.21150747467155 -24.985520522130464
-61.407435021455946 -6.273770122319028 5.311065826481003
-6.151206586222102 12.490792821784003 -16.485722939599103
3.0189288743832203 50.01198867758743 -39.719306258853784
-14.135241305449213 36.035718539215 -50.771042096147795
28.083993811970302 -42.34994164954691 -10.88915633151174
1.824953073106868 -0.7791515212857311 62.51937312936363
-26.727228412391487 38.53365377391254 -22.868187735961534
17.18031060486245 42.85172069640703 -34.37254330098073
-8.875116863348014 0.25247255670196395 -2.0167453924187932
5.547674994964272 -5.5444834706636215 4.655564621390389
-24.679868231134957 1.311959185091763 8.758589228049292
14.369504920074583 -7.7435662477740435 41.647761312220446
-24.130823244667816 0.975912905778256 3.1387829794384725
1.0984400552330726 -34.1651791557074 -55.020949037801174
7.769731586621469 60.15871416777846 -25.692842350764195
-12.108351948509268 -34.93110148040016 -17.123960017335396
-10.586021946124134 10.917420657973668 -1.0225685883825433
59.48182129868871 29.310299858809685 -8.529031644086041
37.94498057053398 28.09173999527525 3.8281414617109273
-0.06248911719023209 0.8667565380308525 14.35982011875738
-8.460843426874824 14.441392306107323 26.711603731016503
16.576042956361093 -2.8758155367808222 -18.01891627696278
6.2788546644580645 -17.321803642363196 -13.288418875166773
0.6463961339119252 -3.1386923000638864 -8.762409967854472
59.24831211102532 -48.37671020899012 -15.737787428524406
41.10006986885311 46.688838303245134 -20.9829944306748
28.070979603940067 32.27955191281232 -11.499725193804922
-6.309118093582291 1.8236016371948462 18.449299995740937
23.012730564512147 10.202701153039117 -50.77774388811864
19.119992964483725 -33.72085176187204 -14.335002459529449
11.95065353658296 -21.23014454741206 11.04170343616354 51.99344213047519
-30.6674282483835 18.511791025706916 -46.81224497553203
-1.9586280588044083 -24.75174639132725 -36.90095975188146
-4.376966123460953 2.5963619811307486 2.1140391359491573
-66.6260225412351 7.412735075222695 34.44233826662771 18.511690699478553
11.156502393503143 12.916645439833808 -10.258182795024249
-28.48325131892119 7.105823365208727 0.5714569479829916
18.206990551855704 -9.617999818441204 -37.64415782750627
-36.622841873760294 -38.87958036769769 25.465277289427032
-17.874051603885256 43.357737856333095 10.429126555518282
49.39679616918047 -30.681006352458336 2.9959983941510933
1.7620540643785534 15.524798668887332 -55.811409314797864
-11.230319461547696 -32.727517754095686 -58.06674353282222
5.416257331998057 47.85159361927511 20.97539278117007 14.108299968041376
-5.990257029821392 7.913009011277587 -19.275485974115583
-26.611704008250502 -4.911445368647636 28.279107018991883
14.49983565119489 -26.16859336567913 -26.888621797957068
22.539158770074433 -7.846597056316145 46.73071424925997
-59.91054996959368 -28.250474981035136 20.40140917199507
-44.689719552707956 26.210398284565446 14.284535001273655
-39.01086885055594 48.665563943776384 7.728155608763349
44.709317266934725 -15.762306678233108 33.58914507610276
30.805994400323403 -16.44397297072873 -15.449396266757935
11.352788807276454 -59.797616223008504 -0.6009276177038081
-0.32262880332857286 3.954430441052653 20.410002823444763
5.44880759802465 -12.673820094216465 -2.8736522237423623
29.822697792002636 -13.256441175049902 -68.08790190252496
7.073236998669812 9.290885027126249 44.40201161297667
-1.5824532717636908 0.38169268681954754 -45.383826302095855
37.47370865082969 -24.350735804357036 -5.4848924516607855
0.10906535426251035 -8.115318548574153 36.971815694678206
-20.36259097355963 -15.380777615634072 -33.70913553094977
68.53317345160578 6.722787715056623 37.91291097970543
-2.8220646577894577 52.28029393384921 34.54439812234113
33.710936251932424 61.0398174498222 18.68851934938495 32.70060998834147
8.581269803675045 69.41697053439383 -1.0556341271762057
0.19769445947474049 -1.2122760940301107 13.710718266895162
12.463225203914778 42.237332230998135 44.34414456211206
3.870332723096383 37.8105243178879 -40.03947862870381 -27.78151474622621
61.19480372920451 34.21412070233813 20.510101498275027
-11.445144973030253 -33.56341592087426 0.0931633509834758
0.5232448341731047 44.50408953106131 46.3068167636371
-0.9494166714692377 -24.4625495732464 -30.075684079279966
-12.341625702129983 20.52612931236942 0.21309037876932305
-2.7151679685339714 -0.512433620001883 45.594140869646615
5.951422924670037 15.99896689426987 -18.254959969122208
-1.2572174411292953 6.603028552480621 -13.581723818908605
-54.292520711991884 -4.202830439777003 4.584028839278347
-8.857162473361363 16.30375688788838 -36.72398061969222
-47.109931954261704 -29.890333145195555 -16.951737104040795
0.6260637378406128 7.844455965219533 -8.252566956067923
-57.88987520559372 21.667841011941256 -33.27851826349894
-17.124407077978347 -53.172425267550935 3.349216414066142
7.1271679960185 -55.56517321744285 19.61910041333019 -10.533407767794655
51.218903690967885 -39.602211206211535 -23.431019846628075
-36.1561526316629 -42.24710085960897 20.373223035117434
-32.51528688294363 22.22911154264348 29.221948899805135
16.718822210867152 -15.178242654309125 -10.860614730183068
-37.437062302437816 -20.941005846828602 44.434512729229034
9.086012191621707 -2.8484721981606653 54.13884221195035
42.33397789840769 -63.903367669231095 9.777033974833794
-40.70177574937587 -7.8975017113760995 14.318135835832534
-26.233424173501312 -11.956114681187005 0.7542754176421654
-17.409885523066116 -58.06636289027955 -49.44744426451675
-1.9797001531683045 42.079938704404796 -9.714171952172869
10.760686820711731 -14.374648905985591 39.78863258021959
51.09772285812157 -18.21432033759137 30.73711835828039
16.255715343219656 -27.62251192974131 25.502648280593903
14.91252795336012 -21.680570767266538 -20.754838659066632
-43.11330532124717 46.36152866901155 -17.59132784915813
62.46813938392217 13.97988351957087 -10.587429254279936 -36.345357995334
-2.773872904961278 -52.23797336508823 23.434033103350494
-0.33483448558824436 42.19473094102074 -41.15429921688352
-6.882138720887795 -52.063314551609686 -8.343434509399017
-38.634193787105616 -52.64045627772018 -18.479532345993455
32.186091983433165 0.7070994472141134 3.0631902413577627
54.586636586773544 9.677297954867614 -29.89975872219346
8.304503571837525 -8.124411053681326 -1.3592765408913863
-2.26352045486074 -17.539441751758307 -52.438444709203274
-43.19538541818122 52.474846676174835 45.173858273606555
1.1496644346353504 49.71086898533001 48.08009501091495 36.32772299942759
-40.44547066397751 -1.1806138629637846 47.897388607805915
47.65593452751468 10.762563538927047 10.136243422096092
-13.437773036971647 4.770261609467707 -14.178954677771983
-35.40265708654548 -6.345625196088727 -1.3312900712612599
-49.49594289027938 -39.94887868587634 11.61977658616591
-6.797751818876554 27.858275939123672 28.904484913107623
-27.032408993128662 28.050933880135624 -37.864055187381126
23.34813750647963 62.14198216184864 29.506409410196934 4.448945808803216
-4.664734936808425 -17.02003848113861 2.0364625744914995
-35.82640037561652 36.168059500938064 5.301898342143697
-49.01138226039037 -0.20778700059960103 -0.2933820280528733
43.92298151708281 5.793837530380488 6.810338568979216 40.75903940498907
14.909792935452622 -12.18037563329703 66.06508893755179
20.10865245767836 10.655845008176236 -37.78738610191219
-24.759725448959763 -18.222489664849434 -20.832414515024684
-1.8228306438590942 -38.96598376095599 -8.326257166004122
0.7727100408012414 1.8554215803566727 -51.15812425239104
-19.466664112337845 69.83055366403444 0.5751545669813579
23.755997261460102 14.956047438059686 -57.09047987463621
2.4207294486238364 46.1422320214519 -41.293193134787124
1.6372206021512055 25.451687152304896 8.401996496221923
-4.208859902355418 42.07707476088907 23.55000396286147
-21.34532090701174 13.511454485739495 36.106932980496964
27.651113202937324 40.605885245505576 27.54789638540182
-10.179483801632044 1.574014901228464 -0.8295571210867728
5.248685688750783 -11.351698718885459 -54.187214406223724
11.499508820136384 3.195949106138862 54.015315288704755
-39.02887548905183 64.5342577373163 0.17792972675852078
43.72872683724571 -8.493542761844948 9.099152956974029
-39.11234959692957 -2.822819155908316 43.017911752137564
-29.99756166841989 -23.834904300490976 -53.5321257296996
-12.443026182329374 -3.803458531243618 -2.399249360990979
23.46354749402746 17.42850104982424 -50.62487916966691 8.327173272170354
-5.970645824520398 25.752870325590372 -16.773804725131516
58.01653016745446 -43.038848471718644 -15.215975453240087
49.62191124187507 -39.29625347463948 46.62073036221734
23.731912130037646 33.2743815893895 40.89141424958213
0.13187170324181322 -0.47396778660729544 -1.5780355517765268
21.280888601454638 8.252604619153196 -37.32264804683963
17.45784708076089 49.71967256552349 -37.77877852534457
26.171937335099862 -40.738507160978024 41.203595452128134
8.178566965248416 -65.61267135691365 -27.01782287074844
-10.332937835358756 -17.457110909923355 -15.893465745187873
-35.62872658642677 42.15861303275946 -34.88342598655307
-21.522906115798524 2.841587817925817 -6.431867688985881
-7.6588244948007 -7.218857521457434 -14.551691640906396
50.40235958176529 52.40239910264164 -31.598427718196213
68.51180818027966 -4.897164358914255 10.229745183174613
13.397235271989336 -25.458305243543734 17.130167760974302
-8.70335916499197 2.776646325461873 -40.00830658818044 36.37331898888469
3.1315440183173395 -31.2503978558587 -9.750256223838521
-50.97092009784627 2.0137427720888814 -9.08624873655738
-66.43898848755151 15.918867879396446 -14.398936696528862
-1.9852396197583526 -4.733965768517347 12.168119098876971
1.9515979181643477 18.789360781889652 -26.964811266747848
-27.327548049290066 20.94335544158807 29.125216587294506
-66.91396400701224 -0.8930332656368533 25.466265114361534
23.369156229750505 -32.55346002311024 50.31845080049044
-19.73483486658973 14.412782166029622 -8.742728484183267
4.6208278477076785 5.128007149405113 -36.18997062974121
-10.005282634590792 -26.43339754121817 -15.414567510995514
-4.004628008363027 -14.497886877687547 45.36009114114107
-57.153698457828696 -37.087494377946086 -17.16605394239338
-55.184619270340434 -21.233088269800806 -18.43589296889386
8.613813295419808 10.334116454601332 -35.79376136133532
-10.059816107402773 -16.95535962815744 -44.38251334355776
-33.476464172589274 -46.02795313417435 -30.342193873921754
-39.21202852101188 -50.20150909596422 0.9159440413064586
38.465515783524516 3.477106903255405 -13.97332841984993
-9.56548423522555 0.01800229766391035 -1.8676768281757337
-6.1788302129056865 -2.8267835469596863 -50.40847424987702
30.563408691742232 -62.71006265046545 -11.300773992622243
-17.07143973817037 6.998763332529007 -15.316900695051842
-36.04960927907484 -35.08257152153403 41.49074175491007
4.794957026904296 -12.836057115891732 1.579980409098088
-40.26170565131046 -13.888288852039585 14.240038391871664
-9.032026690360931 -7.620911936616884 -58.00599429489631
12.747079919357528 -4.553665249188718 -24.269453206182934
19.30858081827168 25.335973080776956 32.6387091387044 -31.93551412415617
-13.746057088003305 -15.204769625857896 -7.14975430298036
3.012485327774444 20.923795629555375 43.77099797359504
-33.589010403522074 -41.5596792509358 8.65584059058755 16.04273962567866
-66.44049207604458 7.798912728105617 -13.888877152444076
8.86363235490396 22.84061720630566 7.522911989824799 4.955816455697187
19.330258870908573 10.435512821441836 12.161146550649484
-5.021595849389891 14.57071282281375 0.590957992451209
0.7513288176585099 -64.96704367562205 -14.236877279535797
-2.070213764141023 -2.3001208952823635 -67.93059282840439
-16.299029179950256 -9.633307482400511 -4.31383353689929
0.4683467106262857 -1.9208588213498201 -8.270729285936504
69.1116616133309 21.304689155140853 2.1299053464710753 18.54561902913833
11.462384865680317 0.7957412864449299 1.3001736649581814
7.130148996772747 41.02923033492876 -22.96250431291123 19.65467072040548
17.428123677608745 -54.01863589002184 0.6143217287114952
2.907969674115339 25.805050168461882 -31.024258489248258
-18.65635172712731 37.12473585259329 43.905209351103096
48.02602728019099 -2.835959013601587 -0.6197780463608541
-13.356976786002619 -8.303138795437492 -6.557222782600281
1.4530508522273395 0.3712447620763629 2.1590827972761035
-11.751085577885664 16.053939652330502 -43.797469758753635
-44.496970002521984 -20.014034495765962 -14.406853418416558
45.5746321200971 -25.19295551386712 12.57540103253382 -61.82499246439319
-21.920116010270604 51.86858802783218 45.08171701805341
-36.042931874037535 36.75834007291386 -5.615263465897676
31.116570762592843 -17.445184546235517 44.454734649493176
-30.799602093250048 30.627774874712312 4.287421992775357
24.04128080969913 -19.005622933586803 -56.9875361604965 8.48338356973949
0.0407893247469618 -4.662646273377327 25.879767227324795
-56.36820078138465 56.43693562417782 15.091081977975664
-26.27323736151293 -9.881003067717865 -30.48179917153432
12.67010419907419 -11.032701742487847 -2.9911784057290878
0.3908723212288421 0.20027193817469247 -49.43338848402916
-21.75027865958201 0.341224473837248 0.21148919889550474
-59.17766501861609 2.9203890557929753 -38.10569176688215
13.226566287233721 -2.5263285659202053 23.93847998857244
-6.848084913122575 19.735565621392333 4.977140900089879
-66.8442724041355 7.377662149731174 19.329642954793993
-29.569816023236573 -49.474398016450905 -23.687551608952713
-15.118556179531952 47.915011728339934 29.126973195059026
19.22604606131519 -27.6489672718386 -27.649471671471144
-16.864095484259625 49.92208777316486 39.42455777773647
-19.033044659464636 6.758204466278497 16.71593851731453
3.3449799968823806 6.12446691642062 -5.801834474979888
-16.66774495569817 22.56460355001113 -1.0886952181977507
-15.421354674110027 2.601498798430884 -23.551157511457532
-21.03347764259293 0.82267123576134 -35.296414331335534
56.73845717106815 13.027781766329168 66.9702835204308 32.65058788226921
-32.511946172382444 -18.56303179484897 22.045029732877772
40.430410825613535 -21.423553189326384 -3.6267017976493507
0.1661914618819824 5.717659304510141 -46.03903496393096
23.31126830283116 -6.878789556998231 -1.8205296640282975
-1.5571159756453945 -12.622203086420042 30.305570060830316
7.140779716381243 -26.74257835987068 -2.591524937641255
0.19145754222640188 -10.792117225020824 -28.79252391797761
-57.67379669724578 -5.25731366452767 -23.218942369364555
28.23570435401395 -27.5069517959379 -31.50714597201126
34.337585084168005 -55.724391488258 -21.26960835227854
-19.39460856326215 -28.897728238475697 -2.064832790789826
35.666792478626846 -7.112595329106894 50.95874201067042
-17.87853384389399 -48.729844028382544 26.982560186226355
-4.872429552929104 49.442997347821574 -19.58049481321858
-38.50214343352024 -42.16166001297029 21.007269635152568
43.91487335574352 -46.800677508337955 12.863799360605054
-31.32057658138442 34.74512920999229 -26.779170344057924
21.316569241977373 34.3753385248581 -4.352296007296475
-30.973983399927434 11.36656125013618 18.495306275835894
-27.806883597518556 2.9493183912076497 47.581865297540205
46.701303393323876 -1.290803621068384 69.54157401354449
5.177744247566951 -40.71797252079235 48.77896423867093
-27.94707903302193 29.778069325510646 9.089750979652083
47.565898212030895 45.81428796782065 0.24273129138686594
-0.8056147062542391 21.699056319578414 -23.197441007071074
-28.573465919467328 2.60124765220413 -42.34293139628853
33.44869845076561 15.475929913779096 -6.786679799860677
16.811866496393275 4.198072401927559 -23.84404060830003
25.025127949805874 10.370856019712246 -25.8519985943414
-18.178175506629785 30.225426032070395 -44.12402338039196
-32.62143652486481 29.072625722264423 -15.146098412515398
-22.552809894219966 -24.512220306068766 61.91870591632552
20.73581231456881 -5.123630356421786 -3.7043174210542014
6.843907826886574 -8.80967466323507 31.53641653934522
-11.151102446774054 -11.917392272815041 -52.38169918397357
21.404567670553423 -23.680638526214796 -2.8966929217156965
-69.64550086710376 21.25134598758661 -26.966082458519757
11.48128158257062 45.00452977910482 4.050206584778324 1.8278049935961511
-8.166195998794162 46.89779365096918 -6.861192920055245
-12.143945574069255 -60.289665358957436 17.06635327787234
-46.39025601145271 36.712941483649544 31.466476407202766
-30.638292357159436 -4.261202685677034 -19.617541311602945
-18.248130640127545 14.922858202345665 -4.739287827811451
0.700861442840727 6.406995488250436 6.045689335470887 32.63091451548378
-39.993469863874 27.787395892984605 -2.4481685128876816
39.54987741202141 -48.96929873569636 -20.669069748545525
-2.5204826093417116 -12.398315314674303 61.13372362677717
-18.761603842736147 -35.1702272765737 -47.70538229189784
-13.517571759362609 38.876184497164886 10.808147375901386
0.0783360518571843 57.17148166930875 13.262017240986962
-38.425125269273735 -26.784656371677038 32.539095831255096
8.244040839390948 24.127370529079304 -48.66116859474 39.25177223443943
26.121371175595623 -41.677273770218264 -31.579533910752573
-15.66697090403973 48.33780929631716 49.04605561182624
-18.952640291948615 -27.85255391635731 46.75917077458482
-32.38717394549086 4.05814155424747 -63.30673188404117 50.78988858313426
27.111340385113625 33.99864287719905 27.274380549334744
9.149684749386378 11.323344096443622 2.102841507912406
-21.746429907046263 -22.655379394588813 1.9985149728572467
16.405173846498286 -25.353383049546444 16.8300968410987
-21.739484489359043 -10.965267011893323 -7.342690513341978
0.7400354903191062 -8.993632292710757 17.443534747532517
2.484125684831441 64.54167216952978 -23.304938943699707
26.03361178329955 1.3461436591722804 21.499499963032587
-11.940430454709057 0.7103825383592511 36.90758705271298
3.443134650347541 42.28861535584256 4.814199558825196 43.155414190821574
0.13964888376797344 -4.149879088120818 34.778855682076475
-0.5328097571967993 -13.295307896647872 -12.00739940270877
40.261665262791965 -49.954508628664065 -49.25227493115005
37.122688983554234 16.516492448966535 7.753894257601787
10.340441979152468 -7.018209271645817 -9.25260153446862
64.84811999448827 -11.018681581393977 -7.506623414200709
5.699936721873261 -48.37743385620251 -7.093803654086083
-38.36513308980026 15.180616026040674 -21.466786592743293
32.462526737547535 -12.621205203340626 -0.5792420313060983
-52.235448093761235 -18.718702323146648 -30.00559431702518
-8.851511480227897 60.59773553953899 7.428715666411969
-9.910639822979535 -5.205283989837618 1.5364011795874306
-18.186889134528805 5.0015062824253835 -6.8120295137982225
-54.54084947526875 -5.353736276657718 50.96838448262451
-48.69144170007764 -46.29238896078347 -55.64031813440356
1.2840668166366092 1.073991970275496 -0.6812199576174293
28.125039699389838 -51.35997255741153 20.012137665184582
7.74028470974125 41.443778073989165 52.36041519701315 2.0956634302993966
8.090492418840823 -17.806427330315206 -29.14519687893365
-15.800282823978211 34.28277276540086 8.179993160575608 9.15733022391547
2.243943571239812 -18.828265025445756 43.39946643462181
3.3160863702588275 -34.762936705973786 28.5187311275102
40.699077510919835 -38.633674519910834 2.871731227701321
-19.660748264130042 -6.075836137075303 -4.988700608452986
1.0053224134593943 -2.0255850659157235 35.98194067844771
-40.459683600709056 24.598184762469533 10.186123973214464
-15.786337456707944 19.217272923476546 10.517527798693711
-13.276785385572548 0.26665700864473835 0.9759870891812176
5.493207116153218 4.643391955672898 -2.306115539708692 7.299588822005031
4.033533428505691 -29.429920853537748 -23.199634044579227
50.11476441393228 -3.1036559992801758 23.004909711189597
37.012866819716734 -9.413586728365143 33.299848293468635
-35.155585633865236 -1.6844994928453971 -65.80370558139266
-47.37578776844958 -9.500690827240177 -10.591266950922888
-63.7001799267336 64.5738361025472 5.974991759719998 49.01516744445745
-2.585967013803471 5.050471873489855 45.091038644861996
7.990869625467018 -2.7745740608063794 27.570904734545685
3.4419940169157943 6.23711648588851 -4.978635212809556
-11.098574920721795 52.42702989229362 0.855186936574104
-3.4563050953041947 -5.5960467723428735 3.9495444844885155
-12.585443679734972 11.83986725532189 35.13517980545119
-4.878163745726754 -30.642591594032535 2.8703439424379553
9.269019596847011 4.530330548153594 -6.450288480547179 4.187318889549906
20.024588466355947 -7.3235476280177325 -60.23477353583663
18.712273166909572 1.9626533171050533 -43.572337524330386
-7.123621992006742 -4.617404113014526 14.151315211075314
8.736830622469089 -18.504755290065148 -6.747126054147549
14.685381408261485 -1.8304453096045679 -16.70228699451943
53.04448513352132 -26.65160586113624 -48.963709321081 -34.67944646952347
29.916885879691133 16.19158075026957 50.55239346085236 35.65126909577634
1.897707466020756 23.662146937083058 -5.708994666820586
10.600866837613001 35.499125799711194 -22.265269189257037
15.514887583219167 5.182331606947106 50.19049347660497
-21.30374479462076 -53.654467096512896 6.253785369174484
-13.568869199605114 12.052726076784875 -9.412148168958602
4.676730194963457 -9.772414432818108 -16.358074900906466
-25.6366058592778 -15.518704356855478 -10.202365889895633
52.687896708746486 12.161583805056809 -17.978844573287432
-56.45042650496065 -41.52917207125436 -21.958852965913135
38.34288373022054 -8.758971766684594 -1.143350987731315
49.46374491866707 15.447606596398703 -20.368649264824636
36.99995585529637 14.148623144026441 -48.5399536361382
25.477312800893678 -29.21838626730102 55.16571136974475
11.349688376424549 14.734059403185638 9.028512967211153 -27.788133947614
15.267608857661868 6.881426543611305 36.75591310980459
-22.06155028749887 -0.3588544346536408 0.2555177601763563
-51.798426221848416 -40.073040136828844 1.4040641593689032
-2.2837009893012183 -20.32350537508422 8.819633852743221
-18.895226028320852 -13.310159491531655 37.40589048525629
23.180202321117925 -29.25677186378147 -12.49545437668483
-20.479578799834794 36.994052293715356 30.890273187402105
-19.458197875935742 5.353112048583268 16.127977411599694
19.744848028880643 24.88558049236693 0.6359506301828034
-11.705115095880242 9.606887500367518 0.7994339843883993
-20.876677453115665 55.194892631808 33.82632013472059 -58.03942862025766
4.561961343811771 15.746895857588957 0.8616547824240127
-3.584328464111751 6.0238265513829505 3.724023607580786
2.580742475341796 9.215936305945451 10.409655594461574 10.30918636142244
63.34008730837453 26.74484243137145 38.89541618961482 30.82796033500216
-5.465979521712748 -28.092518832487656 28.26234284053226
27.66765339145832 -42.85028244154513 23.067279276149637
-0.5254325801485241 1.4420099287639019 54.55358960417825
-2.7783380054286346 25.30778747735775 62.39705375877404
16.672198688781997 -38.23879572106466 11.381148068384805
5.507316338514032 -32.21432043663989 30.17601463714499
-2.8490470561029646 -34.10673031211296 26.02791552938914
-30.077288404436448 8.987120430835136 -8.942961037221526
-5.552657446804867 15.200277294210132 47.15055259543794
40.93472419285566 -20.33289941578847 -45.323294110166195
16.149316220570604 9.292358965430948 8.18038480879426
-20.912494801939367 -5.778183381021202 -0.5437998796341519
-57.80993055791695 28.43430320695796 30.938841737660738
-26.07513022524178 -41.69792669272815 -20.710612469817942
-14.167469218197162 -46.894529969049735 2.519461669156336
54.854537776139196 63.719255682712806 -11.6912674460095
-28.723454639120774 -27.142562488730537 22.752217716176517
-7.869878225542976 -2.379838021375228 8.52696744627365
-3.4809686542013316 12.22269357203331 6.378664183540383
-48.25543351213218 28.58728689851562 -8.908782101365912
-2.9365921170138582 -26.879666602214424 -28.731126794620984
-6.527839083107859 -2.481031591308909 -5.850914905414014
16.079503386433682 13.591780618094745 -37.543796722385764
51.3085884487405 -6.824163631111493 -0.020060563455315653
-6.051058110367548 -2.113971107999257 27.44614317991795
-9.413179421114723 20.01561394825021 35.83856504408606
-3.1427687708632903 -1.6423203708129726 -6.65560691971572
20.81452151702767 -42.662769013591685 49.39617373082522
64.92375033761083 9.33059618165583 -12.448835034544759
-17.286063941701013 3.979475714755016 -25.989803342505244
0.5087557485698675 0.020448858685631465 -11.899813894249544
33.4001331846774 -9.41254271262006 41.414335739030534
-31.242138450307902 -54.106727885129345 -5.5086068650721165
0.3312742109134757 19.9066111186383 7.626632240384167 13.195978167831651
-53.050791418185945 -6.664466874784757 -2.1971390093026724
-23.36024638883681 -60.12265172246341 -37.82461248415615
-31.900124724086623 -56.61045878353632 36.55749115247611
-25.32474347928251 2.423065303236617 -1.6958807538830951
-42.63561684335623 6.397379166222936 25.259092420911717
-9.008123901515232 -27.88493972494994 47.031460248604745
19.703419662142473 9.023415021841787 -3.5879432077518145
-24.070472028005216 58.49011781362428 15.747475114953556
35.02148188846664 -21.12479931093181 16.535946410206815
42.54119559197358 -44.0718971575284 -8.185678231490046
-19.44098398315881 7.106105837241094 -57.32913495797342
7.485152701007381 54.25153318158276 -2.716707204315198
-34.76723958310922 2.293756377427576 -44.7627103611743 33.72344923445203
58.339712852014564 28.073496776567804 12.154350871500041
-47.342754353471065 26.794505604712484 50.57746836080503
-38.28749705339935 9.345087550571545 -37.609349461805856
11.226687318666896 40.267715812794094 -56.87868271826184
18.548546798165376 46.745155121239705 29.32251863695292
29.493227496874372 49.838869093368054 14.78876731926054 15.8375354706605
-18.961902852146906 -40.062734011704954 5.436515865721979
37.085377970807514 2.544081936082009 -46.940941642887246
-39.73769891023516 -6.996105340684657 27.443068068612696
63.75184136897624 22.46799176553123 32.94543434442681 27.349227314567145
31.62188304064231 19.860169846195983 -5.4477969225093545
5.599279402284683 6.030640621853421 10.098895653606258
12.067834896114643 -6.70174170198333 8.567067367680039
-5.699200678372162 -13.547947116727181 -28.58434122289226
-35.784809468884525 -1.8506277353725598 1.1724374308558942
-3.224136394189608 -16.733273612960907 -4.361816342016604
3.4945253336088538 -31.197516851832994 -27.928748828181636
-39.60082940994968 12.686694391657845 -6.413515056564531
-20.683660061509258 55.93964338265053 -27.672969822833203
-13.200539000556851 -10.408974091696976 12.243042171537088
-5.027815934051533 20.495051443913635 -18.434693889313827
10.349377353759797 26.399868613716542 -27.064249599836568
26.845244441979975 -50.76070111339733 38.456617511177754
-29.380038273487504 -14.137865094146488 -31.436311744551187
-34.60273148505841 -16.610003522093994 23.197451669900406
-4.842342692717376 8.42990743023054 -29.614753635704513
34.35246672014005 6.063344113912486 5.25836486997221 -33.572024823724455
-26.892848988755514 -34.33912669602718 45.877506231057914
2.0426312027508655 0.880652106146045 0.7595309454744229
10.584660622486213 -9.089632464182438 23.877693058401835
-2.752175856806825 -63.2743722173057 -22.90191423740405
32.13210729704872 21.555801893801593 -25.523472116691394
-20.804518798815177 1.519768647337413 0.9420667262609307
0.5079501589971093 32.17533066170584 47.624360557287666
-12.154091122656915 1.664850937614451 1.4947741740244327
0.5238281744754559 -40.88795152941683 7.384626548984481
-6.397075079035638 -1.974702135788685 -13.231729124833114
-33.327310898448 -32.893769989903646 24.002510407161285
15.627994792351624 67.21690697208031 15.234490893239766
-7.890762962126127 -46.677320226339475 39.3833285061616
37.814788441934084 37.75374876130001 -53.478221708266275
-39.842775312673986 -41.694209263461936 -10.680152893365712
-0.2909349283047705 1.1854495325357999 -16.693900849290955
-4.829642939397293 60.23719809067656 3.791598799144611
-4.9809387159164675 -20.753766768840563 -12.778214423710928
-32.23415846312552 -0.9117228062549483 15.626692729437156
54.23525463936778 -6.129834337429819 34.96016549228262
14.724690620889763 12.520024186241438 -6.44227620147082
-32.86971909804472 -0.7357620498723634 -28.001642820320086
-3.202207069366637 -8.518481244294072 -43.3912152890911
-26.348564516001073 47.43279436023462 -26.185893515470912
-24.27681653131367 -41.72082500746102 -28.854514297608986
-11.727095137492025 16.986451483915108 34.965306722534976
-9.317608722667273 26.478121273396617 60.81373492172843
-20.388736080390057 -30.137623665709853 -27.022935756320575
-21.665887738711337 -32.24087540043249 15.284607821860408
3.5010656671587275 -11.580407503750683 42.48979445676499
27.297514409046464 -8.376045736627988 -18.06777727194204
3.57933691467871 15.781672987157231 -28.517950196772947
-30.140351222866457 -65.70782635806013 -1.5676519986405157
32.758259896308196 5.09430960659947 34.61276812397609 26.638349212853768
-35.778896400607124 27.224142137997422 -0.2935474615441145
28.627313539173038 41.61927017739617 2.2924318514078754
26.394549099385408 12.909715045189637 -1.1163076459219847
-32.13670344794945 41.98337215334194 -12.879083588822335
9.397332439606089 -5.063035526697203 36.01585510931156
-21.88333705541404 0.6106075180888827 2.0995775669869516
-26.200667916460958 -25.155647209683252 17.177034113055083
-12.90280963433091 -6.302401246076589 7.044019968471458
20.156300822449232 48.86908461956263 11.125287383552141
17.528498329430015 33.5742116214809 0.6133105500191756 33.47108650573585
42.09677822302599 14.839610087006996 -10.772102971485229
-10.829826917568536 32.48823477288868 25.544617725641974
32.86983066549868 -1.8220922690213437 26.84131739613116
9.665209382969799 -24.510672699819434 -2.1418443829100333
-32.334338906863884 -9.339670857571665 3.5153498724885472
-16.14513718809018 31.837894232738613 -9.260332341113614
-4.518881903672418 58.173818258699 -0.09054898516073301
-0.33744441766112604 -34.92098716329524 -6.087852527592886
-2.280875433037992 6.924989027088222 17.214365695591813
10.338743660712288 -53.799811785349064 -9.66344925396948
-8.952775136509342 0.29162949136371036 1.4326190343506513
-11.786605192400383 -6.175710287034451 18.44598936223763
6.279574927583414 -12.085463195794755 -16.26400239548232
-10.62277969612272 -5.111163126426705 4.520137198469575
5.905004168357056 -11.454355630089742 -1.6308763663093955
-36.43510357481753 1.3546239755381082 -20.80807526210556
32.563250580571214 32.718447652845796 53.08187318676924
10.074308974871903 -13.422987836653068 0.2729951505457404
-2.477352287110884 63.43638243567591 -3.918445101520293
-1.820474742138716 5.49925414509547 -39.51413733877794 32.83818769075102
11.59947993370884 -54.7843470251611 -28.704086033843772
-42.78570240795645 -21.11305146651897 53.808290732219376
5.0716675540094345 1.8132766846123332 -58.43020045290164
-18.826971245907227 -21.1318368763458 30.760416588757103
-41.73440082773478 -43.00540855603664 3.874738917670687
-6.464431803308101 19.152408920331272 -36.22085594484464
-46.82437885517265 -22.069632561898196 17.985714706390837
-31.89359941354639 15.988427163193705 51.09424115345052
-68.00128503166894 15.894997459207955 -27.83413927174053
33.56725168161556 11.026635632634262 -6.185638149322864
10.846310919502304 22.73633706297701 -11.996928029084499
-26.72495101819673 -5.8365150501660406 -68.02029603541936
0.1811691386624655 -13.277953533389889 -22.11081587615452
-48.154628837000246 -11.687119717918929 17.25221987933425
-63.5434874029127 17.24280336814506 -31.16369970284073 -35.6325193615435
-16.627300444457074 -27.0477636939565 58.39042485477216
-19.783160937270456 -13.130131346817342 23.79395993945959
-56.0895101382858 19.587956758062724 0.1905579240990702
17.714129804487467 -57.76620256153056 8.358896061813828
22.454178134816164 63.056649008992444 -38.80595232613061
-57.178243080324606 -1.3265351573885191 57.26993180836983
-0.35755733459269373 12.970034073692583 4.919059919501564
-45.98914358011317 -35.25003824924709 17.13990558095262
18.571673613684982 4.388436690404282 50.403911810754224
21.98815349272918 -9.362388303331036 -4.469971791353849
8.468402343434024 44.88071138556247 48.897602188355044
-0.8076706365105687 25.387040527978666 -44.871393308106285
42.243065408163424 -3.226255239409592 11.097381125746924
28.013878626631683 30.423810194396918 6.0103776178903825
1.8377553553456603 -66.09029965840556 -43.23225149900285
-2.0478301606959297 -31.352062494378437 -35.946117731330276
-13.084894718178182 54.94697977410278 -19.276650264734535
-0.696575789227283 -30.601895341425962 17.581567189144145
15.413725876284635 42.295872110623094 13.641325214579199
-65.6564142161011 20.97389181915787 -10.71438423243738 32.23990443049602
19.896234297907863 -28.13795552324034 -18.32982362104515
51.70611062702363 -0.6045437213534433 -3.6985402978371305
55.97327877356867 0.9337016990358736 13.413082785753002
-7.267263925865358 9.932183962777138 -20.449645816647852
13.215473889446939 48.05900455267135 21.167674352559462
-0.5849647284468701 -0.6639159905766409 4.048761870681078
-6.447228021988749 -1.410749152577452 -0.9527038853320422
-0.8636672118093358 3.660254424424882 -15.831108607233743
-21.041214725369855 45.890864174131565 50.964806075794876
-46.341352281358404 44.33520295518127 1.3247896350602477
-5.862482495840863 2.420819490402115 39.0978434334485 43.4690405462882
9.251331672062689 8.075843119771392 -45.48483824445505
3.3959784869769027 39.91993666517251 17.433741746999154
19.82758581584565 15.570325493217984 -11.94384258569049
15.452294855607548 60.418651095023314 -13.156457824915028
2.4562217846441157 -53.72587384082093 10.19994730963122
30.770807001721536 32.144466690688986 -0.6169022392160463
-0.13143878589818536 -16.400057711131772 31.734876576824085
-43.53754503819789 16.05797285331475 21.167258086941207
-37.21606821467908 -10.8347563458721 -44.44524345683453
9.315096772119313 27.609180329794484 3.1266102436347065
3.8706107079297474 -33.355228193241985 53.0270922875827
9.330326013164678 -49.23672317568346 -5.046688466207468
-5.570001112346488 -0.8797637606928472 -0.06178952317307557
-54.734564871174946 37.301821569274715 -7.424345936291634
2.7197384256089605 6.640310264255704 -32.44821655483682
0.48401334472272745 -59.54468999664372 -38.569961163205505
37.21123171576291 55.89372158379385 -20.681859884119714
40.32052682280368 22.489209304696804 34.88837001955908 5.915094883430853
7.8420417740229205 24.12576157930216 35.48065238369875
-9.180997901778575 -17.314873553697684 51.32302222306246
-12.571473216833025 -62.99034837454685 -39.33869254253055
-11.219114243400194 55.0177493370521 -28.315568981378984
27.234898492219845 -7.1644316832678 0.13408673876290148
2.2963377395203715 -23.87845714440998 -13.834696763977854
-2.390696527524186 69.85452765826369 21.858280487670537
-16.025722205590924 15.708406804609492 39.75122947592791
38.00118724647656 41.89986267184602 -53.77606307493735 43.18256951619695
6.350180980885546 -9.286565098768838 18.96712801062169 -50.5912711468563
-6.506794987032864 4.8864756612709295 24.83069291430743
17.015556322348083 -45.42024210424012 -35.36360104233113
27.783890429704858 -21.742771117723088 11.799315964791344
3.5655703060917587 26.42647868222013 -38.93073194648794
3.0465931947718627 -24.094239603760368 -27.234369968350958
-5.374163031109527 -22.069496313302363 4.522435351326176
8.768214309983684 -18.285183642092075 -1.943372256779514
54.0828120440845 -44.8886900395273 -43.68317537143742 3.889816383278407
-33.42944917312774 -35.16901382967532 28.528878670347883
-3.2614796985848904 3.168209158164804 -20.741046240714365
-35.72021164156107 3.6559362350922795 11.316171349299497
-45.24023398222014 -44.944410835573414 -4.343461619415428
-0.23173243779921593 0.27612875154758926 0.7598083962991882
-37.54147435759628 4.5620128245694325 0.08420272383639758
-10.20792848352254 0.2056450758075121 -1.784424357706101
23.656713597879143 -38.75537654843995 19.470826450287493
55.49722700497167 0.8713598253304107 -0.7936580264382453
-7.1847913454902095 -3.9797423682963684 -24.4565843361563
12.2234254127609 -14.107445430098473 -1.8385592742397336
12.537892862778207 -9.98248827498708 18.047176157007893
4.847400160765502 -7.931385518868095 -1.369458122388388
39.53245539953382 -39.01954664453979 -30.23388918361411
37.192077758850296 -26.00291110731283 -16.058785925233128
-44.96428142981741 -43.4149538534897 3.1879043735120898
-11.276577298441616 -2.8834628574805605 -2.7457620947335206
40.39681167085209 -28.423966650873272 -15.303152038827829
-10.386069653031084 20.457009359398416 -21.64212645247575
-11.592933398926919 17.37178786069831 16.33851333450958
9.095208344503517 20.891169790880856 -23.545147564446825
-37.048178944548596 23.30783348688168 18.303772634748587
-15.329218396404388 5.1303668229030555 -59.08246259332092
3.890557428992421 25.80642737094287 -49.00095452800665
24.997673897166745 -8.158771682761065 6.197798474825157
48.48856470980118 37.3203142105013 45.77884312627062 30.981164614016308
-53.39237662750975 31.23750989248684 -31.955193111174413
5.843641247810735 24.691629930916267 11.052097540869928
-48.142131981641626 -44.13564853874547 -51.99514661599024
-43.35572618264672 0.854457406020675 5.049446409002178 7.744358139034123
-3.15023280671386 -3.4710079348524223 2.2001166062077395
-7.732654108470523 -2.0316136008768737 0.8120955590233014
-2.54763447544488 6.10193200661053 -6.817189749269577 -4.348221364283074
-5.323107809915603 3.415361077451428 27.127408045688536
60.09125848667292 24.014845026226837 -9.78879948054398
-0.4362807322571868 -25.494001060930007 54.92686197341521
-18.16670024711806 18.866335848690458 52.826290039153584
23.167569150072108 36.19738406221418 -38.21840350101805
-42.24630511552911 -15.082948625795558 -9.11225553579119
13.3532797503443 -6.680576297830152 0.7079408098763411 27.40042440141857
-15.754651033350449 59.64306325558323 6.173910623482513
-0.2390070696276597 -0.1092015442959165 -6.541458570368839
-60.61181974132476 -26.4056571247713 -33.27285933678529
7.0034502219643615 25.529705797507052 -31.927993528136223
-53.439274205514174 7.247958071402676 -20.714303521596158
33.02706774284058 -40.41368598361513 -11.084855768371064
27.056469131179227 19.59539058616013 27.836401553847896
5.2417016439843005 -37.23242539191168 60.595676616240915
-26.837831296805096 12.848104705454956 -0.15341201783462544
-0.013957373737148308 -0.07677331820521384 15.15067584758982
-55.73777315962038 10.968608756735016 -3.915879272672159
7.285285142923893 0.7668559212850214 -22.61695230406224
22.501979639395397 50.92263387145375 29.089642516099694
-2.3055172955681664 -9.974501847717283 -54.55853714986957
-35.25223604138041 -60.40980140245775 -16.969111013867444
29.340022002322538 -4.712404554166781 50.63118998175924
-26.87518302470275 11.675146862233742 -10.496771116069201
45.76235354975997 38.5713136725915 1.2070163728905556 0.569995885765555
-33.3186717020992 27.699842225316214 18.688214000093545
-66.59883025162632 -17.573112683886045 -9.573674900515005
-48.98701268795358 21.74657677522658 9.237868373898944
-6.444341830572533 27.327320738138514 -16.329716081356587
39.78334764187661 -8.334766190481789 0.20297471703922068
-2.245631643132871 36.593291797711466 31.34434442907248
-51.46661697219478 1.2382868366606334 42.10412839608126
46.89343435286245 0.4611263473718274 -0.7752761526145437
19.846139090591425 39.21508990159779 -24.26688166291775
4.678257403118675 24.216185210867152 -12.286779982697013
12.665808610764206 -24.110296049666584 -29.175771755436532
-21.382184556618867 5.794489423504933 6.76625738088911 58.48862987829664
33.415753722095026 45.86778317001276 14.579090609860454
-2.454792283262276 60.318404352563626 12.515081505203938
-17.312658359641855 57.18783504782465 39.33394434576519
27.352819131295462 -27.209597688953398 -2.769051201429193
55.36306294911428 31.322654941847578 27.496410398043487
19.468763835629186 -36.4793906787927 7.980884282811055 9.933508795376598
61.548789192696354 -16.3858303639558 -7.452591402912979
-36.232608278771956 -13.488840616540305 16.16400238041849
4.398789133906617 9.28519739118079 68.23571044864788 13.024004752340087
-12.042818562085897 39.949959538884976 -7.592001850049956
-4.4732778739469214 15.244864390457078 6.912990527752698
-7.5199763693633 -4.223652040215868 -13.539750294552158
24.593031570477777 53.235523202138396 19.77401120847705
-17.583365098035276 -0.24596508535413597 22.107193994427742
-53.66510609234128 -7.505819619573299 44.59795051569707
-43.81772496595237 51.120490452891794 11.123822240956718
68.55684862903298 43.87146899563383 40.535993035022145
-3.9162639642136905 6.310571966656518 -9.899117196084587
-25.414747091339564 -9.343010862796396 11.395906692784616
-13.585310561320169 2.9337590749220923 33.801741740429
-1.6561720872584969 25.362025569022343 -4.450520284465902
14.705638650417413 32.41176293447468 0.9337264390411905
-4.547502153515507 -50.09021062143924 27.609973305371536
-1.641404882833033 49.75594653275647 9.255116200795372 8.641007780056286
-16.1466739078544 -37.60197530132579 -5.194810480922084 48.4560325290367
8.269848607900817 9.574840647306534 -2.192777094630049
-41.903921353374905 -17.451277175767967 6.43384605892596
20.53512723856311 41.07518574332472 20.03150469291563 -20.77593547874526
7.004308613495976 -37.128176846550915 -39.45883716962118
28.801638724328026 -16.976101396737462 -16.450884277663153
31.92118511609184 -33.00521564833992 -40.25085067654635
0.21550537081541263 9.809319206461822 -17.11366974586102
-1.4275053199110443 -1.085545050033824 22.588417533502344
58.539627555083854 -56.35753883441467 10.915442485048683
65.67802073912782 9.47443562689414 12.838243068553476
0.07219374590123152 25.577584454898123 51.5331108685959
-14.40940388745393 64.91305605691359 42.66212298276626 20.90232020185186
-7.4885616299965685 25.175176575284016 -5.990204196148361
-15.057206876943074 -13.319567541124997 48.16958317909616
-16.461195510190045 -35.22330532361732 23.069962131614197
-16.818390270245963 -42.292069798228475 -18.094484562104952
48.68647544126608 49.70673351816019 -22.58188867747754
-17.023877848025585 15.981569449920293 26.66784786244012
-17.68799342699667 -18.661695670560995 -4.324573626672635
-13.69394418701918 41.86298742640043 -23.362615006879906
0.17575120609637135 38.91005092334576 -18.20329520799436
-1.9341677022972295 -8.810331265112715 -1.0973090203881946
-40.062568873327336 -3.2253545457017765 3.093826709857044
-29.953848379369067 -7.540346810069583 3.6677793896555566
-26.96301236445807 -4.632172823297281 -42.171901580784215
20.627856888592007 0.807211113529273 49.53818259155442
21.734463458330147 16.861688486544306 33.01620216050748
41.86787311798537 19.17338988413139 -2.360897053308751
-32.092449076199294 16.886610585070045 33.95285988961772
49.19939859024887 -18.133097035911256 -44.93643906906727
54.46314665666397 -37.76337013904546 4.891711413629119
38.351432138067686 3.506080112501872 33.920904666812255
-25.657016525861703 49.170175374445435 22.005090088169442
-1.286448709951858 -8.937368069725624 -46.766854248482886
22.499237277215855 -3.8836214691563633 -45.177138916126545
-34.84639105017606 20.983305983236363 55.606257037627365
8.219613917403796 -10.792629668438694 7.530870713608544
-26.75678524073463 -12.553307058404423 15.79181952897543
44.019366674574876 20.58927857692478 34.62198019647631
-17.95808113980215 29.846599737833685 -11.522856439222151
-12.85466320015442 -14.703218807102452 45.17461810072806
4.813763664856369 -36.13407637648761 7.707121668877989
-8.512087970313248 0.9615417788006649 11.420175744316955
-12.06279433753734 29.899007842729464 -50.31840206715614
48.441840438894424 0.1389341311755855 -0.007590293712235698
-0.3513239197276533 38.41554728571301 12.104961313531174
-15.617990484289395 -29.490391875513627 -0.7363373060970099
-0.30534999514405614 27.269867584826404 -6.792906543892888
3.638665258867973 -11.861676853540832 1.2639168076923555
-32.78565268293036 -49.90119611789333 -14.376950636454477
32.708760379142085 -44.74604586049918 -0.5213766321298365
-3.1079445619269954 15.808906659669917 10.865265557626016
-52.986174786628595 -27.10624152500718 -22.162780312019144
8.395780898746114 55.86347214919923 -17.256256561318537
0.1155958247913844 -0.02878774705248614 1.123708641598638
-23.898123955365435 -43.29207147600318 -11.651500431617263
-12.483042884978918 2.206879499131605 36.1906216390523 4.689422399843287
2.5458281477954072 28.818499222122774 -19.14930717115823
-40.16324507678376 -9.272508190541831 35.912340874239646
-24.470853232896552 62.80268740754643 28.231500005118914
-8.244207551998835 -27.67126154263248 35.71673845904955
-9.225352984973904 -48.293693889332566 22.496818930495856
-33.19296998642933 -16.670649724653284 45.94487159885829
-0.2685565683904443 0.7264611966337815 9.65095725311261
8.106463118518828 -7.961119183889051 -13.599315877671529
0.5341331598412034 -4.148486870817643 -15.551668091586668
32.00371798475143 -2.5100106244656506 -1.030990028471971
3.459928723124209 4.187899115899364 -2.406012510975185
-42.07280349586772 -14.818123543316663 2.580939099814178
-4.000419392534754 34.117778066765915 -23.904601469645893
-4.121428950620883 0.20015314724490751 -0.16477713285766488
0.262805837494012 -9.053966401518752 8.5780564217424 68.26195689938079
-42.68805843886302 33.798160941367506 12.429254259195721
-1.2409643314461296 -21.366691026984935 29.821293853436693
-4.043132199459841 -59.80180082515032 0.11750978822040423
-26.057773836601854 -1.7957686320011013 -2.60276011638054
-25.95810509945673 -9.960902983760715 -38.58863441075609
-38.75730535785374 -8.292839015385347 2.4082177268737563
-21.144189865312207 -0.21345278850163882 -7.772022965162499
22.00695551575539 -4.446620500473226 -4.480423501380962
-15.40025648591711 -3.8696159644120987 -15.620727494563585
11.970019135769201 21.561335594592638 62.77947214667765
57.07657746262346 6.663828599186509 -2.6540484967719147
38.11836473960898 -4.857287261413473 13.008700146829884
-13.898322768517133 -1.8331554943677608 -2.9003923402045477
33.4260805854609 -30.880037700903966 11.097778065648264
36.74447351858578 -6.9852905135124095 51.66101209402059
-21.20187411167231 -17.06653960538027 -57.75867327177458
-11.971040482120463 4.825507285525221 21.96286885974437
-10.010233799344583 -21.921774455191198 26.39287381383133
-12.799496224901146 -9.441166314193724 -35.30365070361908
1.5654717190786533 -1.8215904065462096 -1.6942560762021928
18.560796840363054 -9.855964644604159 -14.99007758168351
-6.384622882043079 -52.361814912843734 13.602707558856286
64.97544123375891 -0.2159681784850174 1.5174873067463495
-14.703359068902733 14.030346356336278 14.228547876600988
-18.845767003243836 -8.923495493502248 41.43110136254923
-20.80662846411816 -38.02419764655522 41.626960990403646
-49.5339827805089 -2.2897222955800856 -52.79436368102545
-3.618413735643196 -36.245227502172504 -4.865060318421669
-20.642470057464344 41.860341005811506 1.1117085119747367
-2.398496654946241 2.899584998577541 -50.34203643950887
-4.725602649927216 22.85119589067414 7.0653087963237065
2.5071563327066904 -64.29587761039599 15.818689476005993
12.116448974685087 12.439938001285386 -54.92594866888094
33.69697478689243 4.385996352056787 -63.76115191488516
33.048067097463765 -38.26754567197001 -32.13508218755399
-40.96565366083888 57.29705889565195 -31.46805734504979
-40.91149083221242 -34.63547365381054 2.8480989902699747
-10.171690088422615 33.334367529937076 -28.108504069781876
-8.606403579267939 16.54368706664701 -9.409363109311789
42.24785709015536 0.985836127157609 -21.00159245968592 39.98914530396721
43.70108202277133 -13.077075657712426 21.125747724552717
-6.137840402122968 44.239441474957914 -2.134014788651758
-2.7200828322667303 -7.649183257005904 -30.730742391224688
47.78337871057662 9.68471419583949 -12.462237802347296
-11.272094039598336 13.095784443657683 38.386701097319786
4.470312544064199 32.844497064650376 -45.065993105074085
-26.807056654367226 3.9756161522471647 -23.794738976788523
4.042897976255308 12.446576531336575 43.539826971537984
-24.72671321546311 20.83446342855583 20.292162546580368
-42.24759844731162 -9.814302359688247 55.84449058858254
-23.87148176036284 34.63426753158857 21.172152201449133
7.058999620294389 29.711029160049815 4.888769003208331
-60.315637809935026 -32.48409076803683 -14.728150207108376
-53.26855080210683 -8.678869373085211 9.574289348977292
12.74310139647714 -4.362247811799072 4.1045381102709095
0.5052370695309487 12.857306714472784 -64.73855850399147
16.60568962066171 33.14816675853617 -12.616900019760058
-8.032040758574626 6.56512803189343 0.2604280963291343
-0.7465988921359866 -9.701225178036609 2.7270311023795846
0.22332870218477596 0.7384016780345172 11.71606470121626
-37.75109766676588 -47.07745770622188 -14.877903318813209
-0.11149976704341066 2.8109270002814353 3.033529835793129
-0.06627872918981939 43.18065867676892 33.03094913704104
-51.95313804800465 -37.22272741685563 61.4451558627571
-14.914810670431029 -9.028010748740906 -0.5514456628008048
9.078334377467803 -38.602445321332006 -15.126316392053397
6.416909357660043 28.972755867753587 12.711847005032977
-27.164205964580347 -30.541352567719912 -3.6482819392603583
7.439829245886313 51.075331096789945 8.026992479820532 43.58802000264594
45.117564709926654 -19.93313291673032 -10.942176266493602
-18.71943581238367 -1.0447629832783656 -55.500719808938754
20.880712632378486 -2.0287976622883055 1.1059034314902103
-16.958222626370404 -1.2450503706606155 -47.113580906127126
-19.574980437357194 15.476603925784666 -5.399697061721223
-63.61117604565659 -18.83468235930513 -6.253813324013235
5.932911462649643 0.8736087282358417 -52.72504779555981
13.141133503550417 11.26720388032995 -4.679430386358548
-3.997003073238419 7.967549259972431 2.1688849909827685
-4.98014289568147 3.599805771653931 -0.38641362295480497
-22.977921079859325 9.984420500866856 10.32619438734184
-20.241155626043017 0.7043096264825914 -21.351470129985113
38.34323429265854 -12.358428837040146 -0.5842174141601096
-46.56014412132358 -12.882895745611952 14.794631347253949
34.670397691377424 -42.91449467553932 5.381026768772303
-8.961447288977352 -40.975663829196584 -11.140131808375061
46.04373953089444 31.41684250581286 5.9144494495198785
-2.679098661390221 -1.8564214672398218 22.927290958224123
-12.183006202288684 -27.87434913091397 -12.409169550892113
25.19222549122813 -11.074697825234388 14.035288718774014
-25.865218840659534 -0.3838207295648491 0.9401062246910419
7.087031677394587 -15.500497211364127 12.174278710790679
-46.23827848664442 38.70991746943201 37.15295700148705
-6.168283186459688 -6.116636423405227 7.5914145456115625
21.223672944920448 -2.2973420652484795 -13.734189478501115
-38.04485993731658 -3.965173549599648 -55.04602071033402
-18.48393219561927 36.23831230242705 -34.92655759247513
-29.94369442486712 3.385276692755266 11.331560816496408
-20.441725200551836 48.07913897849244 39.273244352434524
18.672261774157885 16.050776064598672 38.45077850581183
-17.84257844004031 -15.239228591388573 10.015272783759269
14.504966067676708 6.428486187671429 -0.06538708404362306
-0.05784541955054085 31.753023316544713 -2.0595118174704576
9.573620850858891 13.942928506796935 -56.190463425229304
-37.456042428045414 -45.678268969949805 21.534482154509135
28.158054795526866 26.562552798222324 -12.609541877903114
-5.691517508764697 -38.730812060203824 28.294308240520415
-10.930307784011106 31.967901535691638 18.36562323696476
10.898963803336386 -4.532414259216045 5.325142045247548
16.55887940963652 54.84948709436779 45.48685107102273
-14.981031007072215 -6.2746618685753575 9.191810907003111
-2.5211426893753326 15.338214862403103 39.93394278046765
-23.773385962380342 63.01293095802573 14.071170180283536
-12.470535263692653 -40.3310716074746 -16.618013402690014
7.6992712866265585 20.484461212118156 39.084381296156636
-14.837606310101503 35.92797381970891 -24.709332426218978
44.68111925842782 -62.42380632332991 26.229863308089488
3.8034899447543444 -4.482349768813054 -25.337290403684428
14.394320006459699 -8.832988255532312 -30.373080876191814
-20.35975944702079 -43.272113067849894 -1.6493398298746058
-48.98951533098543 1.6971356899670242 -0.13071821573658501
35.5526010562798 31.24051487594165 -27.224580809057905 42.3693724070368
-1.503865314660978 1.5959936966034896 24.869960024184696
8.199108240857791 -39.198016615942294 -24.121046554089578
-0.7700822718626876 -6.172264882993815 -49.0521038852893
5.1158819585394335 10.914380957419079 10.133262772068754
57.474962849391666 -22.707376593008576 -23.992494674300527
48.289070021924445 -8.126308755910951 6.0123838263263805
56.05920957520709 39.21349293591537 -15.096214646327986
-14.900616812719722 20.079323780107863 40.41328016940023
5.629892696790856 -2.391563555594224 -3.2113768515067074
-8.261524485873988 24.252235516180775 32.015028022313395
-23.3964254643278 23.626064242926834 66.52638463022701
-17.68389005262817 -65.20593703150072 16.354493306278346
-9.91722987359557 -53.40295100337165 -24.698583684155246
-25.18288632676553 59.16188028477203 8.736309641729719
-25.126469606594124 -55.576806273924994 -0.008215454695299473
-0.4041682445791821 -28.578815299397295 -20.228991277889584
-18.076637571454498 -34.211384373826455 7.85291549061354
-2.4818778711656586 56.929211745568644 -17.184374078549187
49.6103578174923 -13.163589496844102 45.383174193961906
11.864730490433217 -26.058932910018985 20.579062816459736
25.365036551878624 -27.330060807752428 3.619614767691609
-3.808597802329407 -7.0322179856668985 63.562530672288425
-27.875112872144083 -63.882150317544614 -11.449470110222576
-8.496557316092849 -33.918235596120034 37.05473250387662
-3.543478050318131 7.800800851999086 27.902039510878208
-0.806811011791161 -11.574428461757945 23.98405019113456
23.07123943619241 -60.3456250491816 55.95805968687034 -41.73736888900256
-5.581538511900492 -23.610829217826335 -0.1548430859648137
-0.0876029673486516 66.88610889208721 10.358424843746315
-55.59157970493916 13.887834972802468 -31.92018902945034
5.241048081031758 4.67985492576751 4.828815567879341 -27.116901594739403
-29.235437234057326 -11.723336257728109 -54.35934341657616
-2.4046587359429124 -11.057793923885448 14.482094563048324
-8.390722673538166 14.142427574676141 10.54717754097248
-0.45728890217658597 9.512527961226489 14.984789684600889
9.69050646034428 23.079397531963238 -34.65093850098044 5.011779637367066
6.64536930247113 2.777009800870188 1.122947588359265 32.9699212630547
-46.89215320825066 31.384727961495887 -44.313935267482464
-32.9131994264879 -31.616663397624954 11.432254855726779
-15.332626307011544 -26.790724105846234 30.037331291781186
-10.370992322817287 0.1591974553744397 -21.54255367196936
-18.578137726456205 -25.770033694284983 47.51778639927752
-17.164442187173208 -14.551395064921827 -17.452409478896566
-29.38524439671082 11.1284124537082 -0.12359310085686163
3.81814321797142 8.603988943970888 -11.85696771562647 23.079730662487155
-67.49024815008816 18.220544893624133 21.925764587644654
35.46842989570904 -37.95905528062789 18.143441970810123
-13.505153797723068 -23.08189119035134 -9.138882586360465
-19.558640509437822 -65.98749552281397 -9.323181468795259
18.332346557126584 28.495043624539832 -18.838079142542572
8.160041277132914 50.466895628732885 44.52477949518681
-20.012760413188023 -40.68167169573637 -45.00973540338981
32.151005626372154 17.67210246945849 -29.61323577341259
-50.64128654971013 -5.279361588584646 -53.348732532327304
5.200100416553246 9.538583898380391 -13.22462706627092 44.34227417683263
44.40204097212034 -22.87807109424713 -51.53217422900111 41.4335412266172
23.942277587207073 -20.743113053509994 34.53933982194307
36.92806420751586 49.821235173617076 35.36233004666979
37.257368968200815 38.91168420042769 -45.169418275085405
-40.74175065763819 -20.65292761295439 -8.144600853430923
-23.424100774566398 2.2389693383186318 -27.25745741644444
-15.716908909683962 12.057606419205738 -12.514631272474322
-29.853437897821884 -18.76467777754838 24.893285289266398
-4.364721277800953 60.58109894171057 43.10155554955454 33.77785063185846
-51.43876683888576 21.58575802042358 2.883288239501344 37.67566523909018
-2.9089761324654178 6.485538168046833 -21.352123368968428
10.101184553906544 41.48802681533979 12.340908571788244
34.17470804018592 -34.133009179679526 -5.302985539946919
11.461366619856582 -29.339937796650407 -2.7043100766418355
8.465860175578394 15.371217427827279 -4.001641867764921
-11.006409020012368 48.28157809236539 -15.49427528207631
19.322204158548484 -5.02115916724429 7.724289174564472 1.182288928749614
12.8381420191575 2.4241161828130133 -12.552581088237481
1.9408337647091745 48.465895528668874 -5.3485157253638045
12.628846870192454 53.599135279537634 -6.614789138804494
-64.65089426826033 -2.276482672287803 9.307406018541371
-68.38616922597473 -8.635129682570808 53.20084810973984
-35.14460489681932 26.892768645771596 -35.791832889658735
27.619354708928313 -62.51233363928434 41.75513948167599
-7.619394534630736 1.944353578693372 -3.751110827314302
28.638791716860148 36.56262628773002 -34.3464154447343
-18.601489513490645 0.7779871934708881 21.96582028265464
22.761396961940083 -64.59752178757142 -25.378530496170477
-47.03340277321143 9.887173776168108 -11.314750548179532
38.67219664778682 22.522389930694438 41.405187280306464
-9.801465827354942 2.6047610451350094 -24.460221304667375
14.468400046953008 -53.65186688535358 -17.782188162577427
-33.224489629304955 37.22581273105537 -35.305810586823156
-26.39340538231947 -17.22484001379298 32.66601016783505
-10.83637257901826 21.36424626791859 -53.14746100862488
-14.291496417999793 3.760132194878001 -40.829951340550785
22.42673443255738 1.3350377529428874 -4.869724622802803
-64.10459151975952 -4.754694299843922 14.051327527805903
-40.22962695884221 12.701851267407578 -25.64519854313811
-2.707329224151273 4.35877039537213 -42.572975441603674
36.209778481246076 -24.390407541605555 62.49899500086034
-15.934611163518204 9.650039970190424 44.31451357005201
-40.04123007892717 1.511490325661773 3.770019646364347 7.022876613637002
5.134702431880141 -1.6478760028587536 -0.2509385674374369
-5.125242454315323 16.146349570848837 -35.66467496559066
-22.270098788584765 -5.605846713859046 1.502906874830385
-69.03887794803296 9.660694590705619 -23.846285886073705
51.08175642330389 30.085708338483922 -11.687371600088909
12.755265300726863 59.279948031265384 11.071234709219752
12.187892561250386 69.91508793567992 -1.033926410768035
-2.9218938349816432 -32.4684325824339 -9.879908090742838
-8.624339778821385 63.20325335715246 18.712294167699444
38.76790201220809 -15.995359781192828 -24.23914600513533
7.152465905657082 5.389192385210419 47.25678734762951 0.3396205751508098
-0.6298094026881188 -4.183072346044598 2.4625430020693884
4.05807150715464 -2.5446803639481135 1.3450311227035625
-3.5496450700349667 16.57644303817426 19.77453259914702
-10.912862821145039 -10.733485850450302 -17.966592447890882
16.331054043986736 -1.7683252825892042 -29.207303583779694
6.463095685486601 -2.486919565236411 -1.8698298814327525
14.641907738159741 2.5451722206143126 -43.641988143289424
-23.32185581616431 -50.21392744111111 -38.023865867464465
54.93916290288871 -31.64428197879913 -14.56120394141779
-1.2271992318290548 -17.595581261072468 54.79294079343437
-28.243884966861586 13.325721039353324 -13.946089428606326
15.890973465073019 12.867800522442801 -1.9752045059028283
-30.518372261513928 -22.158832128797062 -8.778939717782768
-50.34639717882559 -15.017444487212867 -14.20961327876399
-5.0595562560197544 -22.888002915624114 48.89529717150286
-15.671923772803213 -9.52781801193609 26.01294742061921
25.589496527248237 20.374267696984813 -16.262961321307674
2.9641867418939585 23.069245102046278 8.420552496730872
-30.808045313368105 13.206359406169392 -37.50867412306647
34.94789923078727 -6.870851367991494 55.929020486237974 -33.700092492418
16.699360182588947 22.316543046660964 -12.953912498206213
-3.8224644265207366 27.335807743553058 -34.82368576164433
0.11676440289666973 -8.563489715286325 32.27917440845279
-37.03370158319778 -38.32344848540508 -29.617931425758734
-19.389550212139582 8.728565979346234 10.294645725729827
-14.08132414670323 -1.5172149760093556 -1.1588220780438996
14.364552206604484 15.02287437305222 -0.8087131185149897
-55.34752900414903 3.2922879871180877 -28.56745964490971
-20.280092235461115 -61.56658428848237 -19.589945672474812
-49.93114205066305 -3.224926795429426 -7.412785613365563
-55.984448225882424 36.61050263475051 42.42634676144468
-0.03599745159750671 0.5581223191336809 -0.07402936064704962
44.58030880440377 51.57763758037947 -23.479680504268053
34.01472807964768 -0.4106924867609973 1.1838684534089297
-18.58364165552822 59.88565169121589 9.115024531421426 -17.1493462626605
-54.12442947200621 34.5140015616697 -26.70561293931489
-6.459551531511925 -19.76606062321944 -19.127336608084228
-62.35320134865433 -2.4094797845156015 33.554790627596546
27.92046686050207 -0.6291353700067355 -0.39275899629741085
33.36249726693851 -8.414411632531507 -26.780250729095513
-42.65773021576951 20.053330234610115 4.966491081243272
60.59794024550421 8.589631453658178 33.386030890838306
-30.45716788193837 -18.98915979633105 -3.791034677615596
-3.89771530821874 -4.599092078588656 7.002473160117185
-33.44572371340605 20.33295612937731 19.712190429661085
-62.267355849525345 5.74209706475372 -13.443010564164979
23.144222122595462 -27.13157294150394 -9.000381809995869
-30.36535551636014 -38.56822319174584 -7.441952036049301
-32.7867035608138 55.29180426652098 6.100765935717082
-18.201308513427744 31.429277100255952 -40.8877274991936
-46.38257309966115 -6.188463629033692 19.191416215788852
-11.600102376635293 20.012370760672077 -3.859238744035247
-12.086320019046989 19.977717710644928 8.998319320451685
42.57744521358825 3.8666363722016923 -52.787610061313615
15.908043723123914 -34.55282830387021 -36.19694607463592
4.645403496335325 -5.626121007134625 -1.4718006180756837
65.31972685147659 -38.370982898365966 -21.593129777220526
27.953359863665323 -19.579660072280365 -30.04837549989153
43.195004576625855 8.064693215850012 -14.578220911373771
-0.409149155847294 -1.151773737413987 5.481496812833066
-9.997558938332899 -20.025600726521965 2.3462351298945263
49.13823447011796 6.2272233891671 25.82601871049136 -18.47714732370223
25.900793106193284 -0.9218258384026762 1.4838167786483467
-0.407721318015937 24.41102406376038 -8.152861588409253
-17.019800303156906 -43.15237542373443 -1.2644543782866995
18.698197485860423 14.336328914293322 -50.34530340355813
-9.053440534252319 21.89949311067779 28.55663100696333 34.40268107336511
-37.98468484750191 22.918529884107492 10.192874169599753
-2.520321758398731 -7.37740833917603 -0.5448322286258727
-33.28917787903344 -52.858793838276576 -8.259097620237695
14.41219485558502 23.64649202386221 -3.784021071845051
15.864125423113224 39.673376533897745 -38.9585574674867
-22.713128941836388 35.83635731015488 -41.69449917800841
48.24879215196556 -36.49901168497792 21.398242117082525
30.552028660660724 12.300531289377936 64.46017117246289
44.49606444134615 -30.97345358675363 -31.091452712149945
45.172445166458246 19.86790073261201 -4.536186916354753
37.710552902697955 15.734879169070803 34.47799643667334
52.91257872611623 11.165362003390493 -62.76078722266608
-4.9291074931479635 -34.268159668960664 7.2541921006276
-23.659414618625878 -24.812748714335598 16.61632260731543
-4.004364213756862 3.666817361919212 -39.924969783909916
42.62231974716635 7.886337240453441 -6.6760162431750745
14.621829969558947 -62.57982986895751 -5.961894004150073
-14.30726189029213 1.1060589953721607 19.131749097881567
19.473761288119896 -2.2936545832961386 -18.917214259014216
7.345540605503417 -1.5566885410053406 -41.864198250842705
-46.592935617450635 42.34723688973427 -37.25970648129824
46.13918580731732 -1.19502162505956 37.20196781366162 -34.23555295183866
30.83766297092738 -17.594190586969248 -27.89737677457145
25.984310755338207 -5.6479635391078205 -62.03002677116103
1.321783619130859 8.298090856231653 12.803465216414867
-39.54840684745671 24.321686622917525 -15.40144018051638
-5.003535022782815 -1.5831019070424805 12.111086066675144
34.88453830704986 49.052358759278064 49.62264828850201 6.043402309948538
-49.054682369068814 -48.02367942781349 -29.886945276418555
-27.846189320337434 51.97440728822961 -19.591551314225303
-10.900403990378457 16.171912574756067 -25.201809176215473
18.430318255615095 -32.28389899635544 11.418220727332264
-23.67795274997757 -3.536506779341959 -27.04616181728209
41.39805225554697 -26.228156339805683 -33.290404048609986
-44.24415689980775 17.712159353187886 -58.33942842112009
28.321790811455255 10.026444453010054 -23.623131495664396
40.86818058909151 -1.2346773581181716 10.229015201560594
-1.4113012829290676 3.857480275817293 -22.766463338469542
-20.434057032810742 16.82069634039944 13.584389475579206
6.588936465981871 -2.9717003701669804 -50.33085758462177
36.268450994946726 -31.81800779150297 -26.18133869459072
1.3443555989408411 49.76168170587075 36.227657599958015
9.512271248287249 -39.612565595849645 4.391556187931717
-32.394341685233265 66.66541424516814 -17.20992156376618
50.225663108386904 -4.508690140775969 16.845870877568203
51.53313137671571 31.602784818358824 58.2403450258 -56.84005500487585
12.273392605651903 35.1828044963805 40.81308114735224 35.382491639971164
16.550971464014914 41.19494285586868 -46.3827324030566
-28.06286293706271 -40.08654236741794 44.42288945396719
7.664731135315279 45.31032325786442 17.519104865218704
-10.715644925689409 -34.8580238537825 -44.170706101084164
42.439845868957754 25.185788291481337 -1.2559283425882568
-0.4808953538184818 -1.5111931739570268 16.244382080271592
39.18422873015225 15.440866355746737 4.194523984432859 46.12957903688147
-51.69838300421951 34.714696636261 22.310873876585458 25.393195810658998
-24.325225750695836 69.20899496879014 2.7389191245166624
-34.79476675490226 26.255712813588502 5.691902292174304
8.673717836213099 6.946298389963416 19.883132394766406
1.7565337156881329 31.326413551422917 -2.5596687934686058
43.77438241601643 12.298638093738017 -19.466015264110933
12.09448115346023 13.649669912185438 -27.680745060763282
8.369119307535666 20.170875879671208 51.62588568553228
-3.5432078827829003 -45.77266770507413 -8.166838961231377
54.77218417210408 4.630587922246374 7.942303242602066 18.843908790190856
-37.2820697800116 -1.5349321496316835 -0.47323852898541063
-30.61016938481182 -50.79799784198154 -7.327458902880515
-12.084133088922869 -21.551061305655487 32.205020459753186
40.90916814524206 -6.206895457157037 -20.78193205993984
-39.97736907101247 6.739556106471702 23.34299869434272
-31.584446120494132 -7.538705449874794 -51.10413080662043
24.66498129209551 -0.08276307855693117 -4.113961505984467
26.244295717488264 -45.754162351369224 5.7617876817659
-37.22992867272125 -17.920035211246866 -64.25839639070016
10.264322502079562 -3.0236393555746517 6.463783635769783
-0.5894448671279349 58.286295242746235 -28.42461712517418
13.5446635628855 -6.737615569934847 -17.364331213163688
40.55486813368041 9.826362756476103 23.328247547517346
-5.1247134580431455 -23.224906324451304 65.73324189455465
16.775448492524202 -11.459066480612618 66.27550690576737
9.154197634541731 16.046304492106568 -16.913070234118898
12.099595941259933 46.962098013329005 -34.14699662066692
-7.951558462279956 -46.97511684251896 -1.5642733992521864
1.534774096139804 -11.860842035075006 31.4112788716562
-0.5868635993628869 10.826196467370753 3.5107607711759083
-0.9296990033392213 -53.02078709387445 -26.7767727994188
17.798318155759134 -6.02506564397153 -65.33471430828955
-3.370352713960019 34.23897283008082 18.971846998089305
0.062025500976331596 1.6967778144029966 7.564424250721182
5.309988292241587 3.816884169769691 12.325698683801392
-55.30015098821986 -5.372822215847948 -26.713246917610178
-51.55225928807163 50.86274629934561 -27.112101065619665
-54.275794278205794 -8.52803965657236 1.2716125930538966
-15.568173460764712 25.11530853259549 26.936759051004252
-53.233552748096585 7.771159898003409 -0.8556922101015519
0.031653308109859155 9.719779339364889 -11.628024220375744
0.6872495419301775 -0.030869097166484404 7.554420020435257
-18.92666900216988 17.47503149006894 -30.990075055574064
-1.5376076403698087 -31.03986640139943 5.153759021222987
9.436662829577834 11.003679392230122 -22.28992533475958
-7.822130307660655 57.94534945739658 40.87564166742797
-28.062325401780377 -59.501361981645694 -11.96261751093697
14.548906396396704 54.025531620899486 50.250791784925234
-32.46262385014512 -29.857278481089875 44.46108457345579
-14.212007188255008 -14.704471909985315 1.833572150338671
1.0861508516436555 -22.774256898629602 -48.10511270088517
49.168729829791666 -31.31010734205711 0.2288488313443301
-4.9770394505344004 -15.397549765121711 -10.696421523296536
-57.740015976394 -6.182456131300465 11.839895910477711
-9.091699524354482 49.77035486197106 40.11164417059545
-1.2702637032791744 35.140552637796056 -36.17712098500961
34.876372149880744 -69.2458754241299 -2.3425510019649414
-7.976214291661603 6.15974111039755 -1.2753273981417883
-4.372536544650118 -6.711959426040438 -5.844802024791454
-7.148117084778422 -15.131761993936465 13.039549155391772
24.459303894514 -5.828206172125318 7.693272892953373 0.06611154822567436
0.013987035816724709 -32.082454130079675 28.532487015186184
15.464514005383792 1.4403138194372087 -13.291062879230058
11.09985600473142 5.454862711197654 6.534460255907553 -1.144326884026067
-68.6113870088506 5.276899192891072 -1.2174767021246578
5.932915812317527 -13.35650907566806 15.35735397514472
2.3959880453564457 -43.36048126351365 37.84355304300236
-46.530959486214414 -0.03710017492364716 64.61917244662354
-1.884525834921366 37.001165352479624 -25.664551053733824
5.036559563051311 4.016248469908786 -1.6392510731883028
46.64581785097652 3.822559897447856 -35.877228014985256
-40.97413425454782 3.939111237821162 23.403061664454025
29.650351349349407 6.56241153088517 -37.91434709215604 4.456499158236034
-30.190054464382126 -2.5419149213463883 15.820347259471196
10.087306972387054 4.174399798093948 -35.001908578599235
5.748421360490667 0.05936894927452083 -1.1077813767054303
0.677779722124578 -0.030605114950811845 38.660470471096126
-15.268133974747379 -48.79964136025017 -16.73140640347018
38.31465237868876 -10.331192531735221 9.53701470886685
-16.09141115733757 11.215055219391756 8.356253751763896 33.6437666962104
-0.9008708177898359 10.270827791282354 -31.34729882283853
-35.314511290158904 6.489388611506943 49.29218452519741
-21.683225835439675 40.61789279864372 -23.245271276082715
31.23538212641145 -37.0704381364807 47.45487629962123
-39.768108873239235 -0.43246152840219954 -2.990361747106361
26.55483738205636 -6.714424956526269 0.9683346734605718
0.0799824946658424 43.51546980644935 36.63853965886044
1.4932940224258027 4.774115255017738 10.30015160613726
-31.22441698927341 44.917321148068595 19.163710015250008
-41.44601112069714 -11.957829347865761 2.954506471982177
-46.87830152792918 -12.692636910061362 3.628234264600959
6.1710263029017325 11.904736448901055 -25.799358923411916
-5.385707970671884 56.48603106897313 -34.95652246714218
-6.566451805603668 19.668915659001577 20.60150047466849
61.457776286522886 -7.409043920146212 -57.47878220881016
60.85857973944184 3.0991509381431803 7.970545147679563 35.02013408459573
15.50840769272609 41.66901799349014 40.69486972256975 41.49496296182444
26.365415815346417 8.89665908219117 57.39007349548179
-15.982927685303752 22.71536809764858 -1.2931262649164226
5.17261326272797 28.45606806676921 -28.749286084784043
-59.445721389073995 -7.111845388843193 -1.3202875220591037
33.801381890675614 -5.183501814594515 -4.277194912953164
-3.414026347853752 -42.049052339368096 -53.35005894871486
-8.964284389717397 -49.29317273568879 -22.017915503072587
-4.804257637948833 3.2098334401564923 -36.39369364895962
51.35325412023062 -21.29608131216918 13.981036135467884
-36.84288528108697 10.986421054462472 -26.272684390698405
34.55165620901557 -28.603061755971634 61.955764791899995
27.039900095692612 0.9821850592918572 -0.8881477002105131
20.840880040384384 55.31994197514242 -11.7874382026964
-17.226250633384428 -15.388273879367768 -9.23772763692074
0.8785555673250639 -1.672403909956273 41.01850446394669
44.33303682502111 -5.755406170268251 41.54548735726771 34.69000022472053
47.89161458477494 8.284166383969426 -27.17012257055039
-52.23690728482126 21.449549886902744 -11.392303203542342
-16.215072749959663 6.0849968967656345 5.64241521220092
-29.380338169301034 -12.377601569350936 -17.74788255928803
-13.856975489211068 44.42607454244867 42.95562381283296
-24.69919911072456 -17.359339185410693 19.668485336500797
-40.26013378767122 37.636028301294104 -13.862912758561398
-26.338358057827268 7.7984421551673035 -13.519890342865862
-17.287183297457624 11.893159918408394 -1.152524879362273
4.620030941487175 9.421127691564566 4.531159155171268 7.176879983265055
-8.694284794742337 56.80584460739828 -63.17761049224017
27.40079310636717 62.15677455176647 15.084005026719822 22.10429341323606
-64.38045923950025 19.508040787364646 0.6062380991488329
-23.358440855323693 -3.4143835876915802 -1.733858041532451
0.48385685271238493 -15.09588033703027 -1.9561827410024428
-22.512820305159796 4.217769079889259 32.384649957028294
51.58054506216241 23.10114094935225 0.3445924874542659
-35.42137036391617 -17.79605963798447 34.099545598994816
7.048021222548215 17.621512142513247 33.18270838627512
43.383974533398025 37.63774788163795 1.9749051965642577
-19.434992660628357 -2.568482192379599 -2.8698190782156248
-25.626050052380915 -37.0853523602968 -19.360659255307958
-8.36695699366285 16.079876238192814 -4.2758652345554164
-11.063852110397749 -30.41858796039333 -0.4191229722112598
-5.18478417798348 -14.3123155408383 17.869333635744393
-5.371187951230271 7.139543967004285 58.55366254247242 8.24144720509199
40.907701485179025 17.062277073873403 38.75238175565255 45.4189946129111
59.561135491425055 -24.614059410905533 -61.16422168209228
0.49956740646649195 21.864349159822396 30.051523192334045
10.10130767500585 39.63454156160965 5.993163177174935 4.045497470513197
-36.149420383749536 -45.62107126101012 2.174071325286694
-18.48626830868093 -29.41464097033305 7.249466081913278
8.662273427220537 -11.31508888898568 5.772960673466692 2.703319414700736
64.40867067811017 -9.603503761457288 -5.160321484404257 38.3266142327824
-3.8390245940384666 -1.9691288498355468 14.634001969596687
-52.851929049647424 11.255850006513317 13.60882296941321
-2.226253301520535 9.133050846478245 -1.2203422518393285
-56.53419393056041 -58.341198036506256 -3.2375563206567155
2.943833187536853 28.550774168161436 44.513934555807936
14.020561049918498 23.197871792486886 -5.860390846795861
17.50344358493549 15.689551116800692 -29.751511836553767
-4.018224292841502 54.63756972451557 -33.97869741255591
-19.22227844011082 25.22073324268235 29.607246864818247
2.1894804264305407 32.44478462686757 52.975952566641446
26.361030114270633 -32.89597455424183 -56.40547989075422
39.29073624705982 2.436988861132271 3.455485186918482 -57.36345951437068
-0.09321748561221539 59.831734679888534 -17.5060298348439
2.8112899893567085 -0.013665284336202486 16.90818103705383
4.311398624839975 -38.44375056615263 31.99038929136239
-24.035658972533835 -51.120631172001886 -40.38286039070004
-36.03270163374391 36.801650756700276 27.162432757284584
-52.03447882889036 15.599808788174137 27.420587524738703
6.928999192801061 -28.694537415635942 -53.904706839858825
16.455819160605664 -15.584500904040318 -24.78499856783904
-62.67362005723448 -1.7616358831182202 5.288442725121249
-41.51740601760235 1.347845368536809 -46.295967299947186
-19.70657185456442 3.554085841602839 -6.108942768565372
0.14652130549461898 0.6163790816039046 25.92864014617134
34.041952552823396 -14.565109064344703 -10.908358754320671
7.109770031977031 -34.335786682807615 28.380904890439787
3.0656983385104897 19.33705167184289 -5.809929851730693
11.198888779959747 21.123332743067298 6.3846604594319745
4.015125998644143 -13.467394428559905 45.92917926051313
26.219440439271995 -6.6045366362243385 -22.143238434096784
7.589147503184677 42.53901175093173 -1.5101323205895663
38.020989001122196 52.9342789370952 32.73341509243312
-54.102323848221225 11.26926943825699 67.8091595703637
11.324761728664786 -55.04669608342351 -51.67315665678032
-1.3605928347119542 -6.306073183757153 14.546725788270997
-8.618269355782658 -9.665013464665957 -40.50736222573051
52.62456040048247 -20.91680024102411 -26.32809560824451
-51.311432634178615 -14.94865572511557 8.843241297138249
29.064882269034435 53.30293867991461 5.780798590353356
-46.45804810344083 40.97562297121333 7.922320148248963 10.53849369606598
1.1000255937266175 -1.0080640081938532 -18.343834291291866
35.547541099386954 -14.363945415823851 5.092002141576223
-53.04020599257481 -2.5718822398882724 22.37591683659371
62.08395099745702 -1.6036946093969282 4.0099606211868215
-14.802395192344044 -8.641644533672913 5.873630181786849
24.972371936119767 1.904193130810462 -6.402962280306432
-3.6714752054440463 -27.72991822351444 -8.590683970883038
-10.744436309354684 22.60943789871018 14.169544699496644
-17.96659608769977 -7.979297455146899 -3.671431345244706
0.871629039776241 8.434114510633265 -7.100975839263574
-10.506919793603227 65.3156364948036 3.575466675199046
-51.39451932900366 12.413209605499842 -1.8329040189354229
-5.653211078991603 -25.658581117206335 -32.28158407441826
-30.070206773701216 -4.244891125088632 -7.050068602208665
-48.699473461396266 -8.43273964579887 -4.190675118648922
55.29037971610773 68.13106226032295 -12.489391043970018
39.876072215124864 -50.30257384541441 -36.116125562364076
4.282427828907482 18.483853818048388 -6.0329516752530825
13.184814856492268 -5.653609350638575 -35.241444894317546
-34.73290845887989 2.2731966507641936 -33.54240506588709
16.232145318699086 47.63553174245011 41.04015852990015 7.746077920633471
2.861548813995427 -25.41212821490908 3.684137292018762
-2.7545112945855665 0.905241943690792 -0.3959966434830957
63.74561943436701 7.264819685607975 19.28789301974948 -45.81389186001087
24.899288785338406 13.286723645468763 23.877259736549615
-60.47837200832469 36.761054752443236 25.100939527360882
12.166192111601518 16.008678194920464 -41.346300714603544
23.691378491677398 53.6809839149884 -20.613716460078518
9.840499776459481 -11.291991280835262 -6.547736610199189
-28.383833259271995 -7.130105911790008 11.809833459198067
-2.6403389436735742 0.10064311829115541 1.651727543738922
0.6338549867720664 -14.246904817587286 0.5472447792253137
-6.817231708185117 -3.988316453836859 31.506828346549877
-11.603968674975407 -24.551203686487558 -20.78327654242862
52.54286310996995 28.967851815072176 -32.7595722125164 56.70031205272155
-28.01995732031933 60.06772620659742 -0.6283709059327299
-25.5126365458663 -27.3681976304013 -16.630065790970846
-9.312972606237501 -22.302007483609458 -45.82209927648372
-51.81133617453611 21.26844923561601 -57.153041492675285
-31.53365900577901 6.638343222528448 -35.7750256018649
-53.86256804243763 0.05190971115065491 0.17270993069224835
-18.874874872447144 42.71867532429135 -18.108920536704975
-34.37781272042509 -38.0821319498734 -29.427827549854385
-27.591505286776982 13.558592915137236 -12.891893610666552
1.5215451842312275 -30.41267084870204 21.20211722562377
-35.430759807027826 -46.15610356894815 56.48228245479243
-18.636086407021665 1.710501755693535 -46.547407729997154
-17.409429723975446 16.68623405344585 4.499471260771103
40.83137221427996 67.35320324033141 -14.701749573484308
-37.08640739846528 -46.83452622090827 -24.997094806834124
5.9307255993497305 -30.97492646383592 41.56568210606751
-39.85373577238022 46.32788746943529 -24.043203404352987
-9.269543622139267 4.832209330196137 -20.504876690545476
-22.143377474321024 -57.66398761457284 44.43031223056625
22.78503039067331 26.780230189306177 44.190039493985665
18.08313068683655 -67.54552266664813 0.42949323153153635
-0.9814029141394506 -12.934017120621327 9.238197497069255
29.896009127510514 4.817642363716318 -37.25008930271064
46.39223816198595 -0.5801700535460013 31.579431837957994
-22.632948018285248 -25.607793670908418 19.354015967124724
6.604078528571817 -36.87455926906385 -19.17965175262087
21.79155525444784 -4.377058792570532 21.031871149938382
10.842998902407222 8.843244523066403 47.94207564666401
-53.05436332287978 -10.331369111832803 -5.731859658813935
8.045270375191304 5.390083830273517 -4.083086654497679 -8.30985246820013
-20.695307752911766 -45.50513703855074 9.607062472149877
2.873587672161501 -65.53596198980902 -14.04162670440509
-5.046796974885275 -23.134276734238217 12.331309387007913
36.81582002590971 41.17295401710737 0.5650661551984677
14.334816750715179 -61.73991271904079 -1.37788916294673
25.159406617941478 26.928589903019116 27.165908608219226
3.7729611424860376 32.855955211778884 42.131591735201994
11.516149350472952 9.728942766141943 16.973431349617687
44.60409474997882 26.06943016862649 -30.02454897693462
-3.133332321535868 11.919772620245237 18.74624243448501
-34.704362526407174 14.9544619688955 -3.4058759220038586
-14.832253994295062 6.879345293099767 15.838462996238384
66.7153994003996 -17.847763202428762 64.0867662665338
-0.36824567110970047 67.04584121658931 -6.688888697770484
-6.2726410611489385 -6.547094006181344 -7.781293821843017
21.239718295417404 8.718520987748267 12.061231137320695
-15.743844112799097 -15.103263200164891 -68.34171511398945
-35.25699226456732 0.5917158679723997 23.56783691985499
26.746211795580432 -50.722209430800206 14.5398111566049
-0.4899300662504122 1.4434460311688342 30.160101013371037
-12.364018777184192 -15.120161215671821 41.002070402321685
-15.030152258120307 28.183674447556513 -32.71678220617101
11.170056003633935 -8.971110024280447 -1.1895241580467208
5.421928869879632 -3.0258467023406035 26.06249374692528
-2.154724735934309 -35.97528240826304 -17.75013469217008
55.17419003498215 -10.856319398107363 26.531707162653234
9.327021786183423 -6.914670798322244 39.02941335953641
-6.0579740424326145 -33.840929427158684 20.71315578822402
58.56838208513898 1.5881346430276042 -8.419059416040522
2.490390055692398 41.73939895871195 -25.362733603906545
61.16259080400901 -11.064352783403356 -10.932985312446416
-12.51872916514127 -62.25917383078452 -18.191323209527372
-18.94932858450419 56.53397064544223 9.744460366832543
-34.87710499060891 -36.068474483329275 -0.04859216790001307
-0.37945097029622055 -44.716666772439 -6.662467685732707
-14.847237272613633 -36.122014960092486 5.876228340928419
-1.1625922363558487 -5.566126375885643 -1.5283049948527914
26.316796481143086 -52.05773835820433 -57.99418530382941
27.909052631069763 15.410649482910602 3.2802389207355915
36.56305973382002 -34.78709694186332 65.9145875823428
-21.662505925299044 1.7593391891375558 -6.288529277316714
-1.8731338944910942 39.958193572801996 -1.3057107962181276
-33.41474174886931 45.225328105297216 -15.809438358844169
-0.8177564928096809 -3.868695430340988 -24.7798952217385
-42.760209538123235 8.76046241846246 15.433097908144697
-11.417325093229424 30.002334749460836 -27.99361283582697
-18.145943877819395 -1.9845842254623565 -19.958825819713564
30.49623141229584 11.080922569105061 49.05908378378584
38.628918893722464 -0.2265060710665175 -1.7669951804648154
-0.8272416538478173 -0.7996813198646302 -4.4391372482318046
-0.17263472470504512 -24.706396357063085 -32.059729439101886
-32.571592453516026 8.10413947384769 10.65179040349374
-18.051323479325585 -50.29585726156132 -43.39517384018248
8.397779861535899 20.28065606991362 -47.65995017028367
14.186538536255243 11.869967383718365 -59.2330391096984
-42.6730787378728 -21.603408465752103 -21.013639237566846
19.87304279138075 5.876885578211304 20.646698421790287
-3.571592079386771 2.040684945366912 0.31837338115351765
0.03387242892409292 59.64727469847125 29.41435764441022
-34.39930315478834 55.523975028670016 24.604847649659895
-33.67271140003375 15.697063586705184 -17.323312695583017
56.21964259607544 -15.892501498697388 1.7229549376659747
4.355406207628367 -0.46451710721949446 28.489472478679463
26.289365987390017 -47.922332981761166 7.910878028051003
6.285248910336705 5.745636149579111 -6.568168648707467 7.589841790703316
-13.837180726154449 39.52898633088 -16.837799722289652 20.44182462291716
-16.941326190407192 -19.365275402212713 40.08328138176235
-0.2666355689435609 48.99187182928976 59.55531022254351
-1.9076197925769498 -23.50224055160002 48.24680628746446
-1.0483223124803154 21.412842909147834 9.971192406143816
-27.957416775297794 -56.448465401928836 26.271486686001403
-58.342179261572376 -34.21570097019056 30.26731124217711
23.847151122868855 -25.18914862630675 -7.665543091711077
-25.1778646732893 -63.481632472318616 17.557013237915577
-5.974333121259049 1.1953481937691135 -3.4101601635564087
2.031757489345119 29.182750299955583 -40.52026311381376
-29.926569779786952 -12.680287133083318 4.530122545534765
-37.0421270011959 -12.123279180810806 -52.51669364192702
-13.644945319996554 -27.302026408911075 1.2979263963626944
7.261792611015336 -47.55041689453885 -5.597838561709766
-3.44070871465835 -4.853478733309528 -29.375478946140692
44.73938138320509 -30.440975185781337 26.54296137558663
-9.556846369849302 15.95610809816411 50.2221497157424
-1.7832316258590917 1.8558934868612031 -5.049488926903036
28.984668417120623 23.709049179632594 -7.664533319552427
28.08222504317944 -2.515243956192812 31.51033015846456 22.98239786535668
11.382263463558806 -44.7180408113723 -5.4027675681278895
16.54468450693797 39.73084764498011 -24.950404557803175
41.293463118087985 10.121508759430924 -55.990623546319085
14.924081762993843 19.348978174711128 44.25934186027693
-43.97166751170827 15.497302539282634 -59.34231212595262
-19.522460088519935 -40.339870690548764 -36.10715007019932
11.921328375533292 -20.130878022774382 -64.11691999359229
-24.58674782333716 -45.16908112772476 25.18819287391372
34.004035435595625 59.21596737654704 -19.477890485078593
25.258488701066973 9.08498349803011 -4.512387670594598 9.442105488118106
8.099015596714473 64.12572293340791 -0.26483802509443044
7.705993036703988 30.51317871912014 -7.453901019816297
-28.634936103127227 26.966932263820922 7.793836318598463
-30.14528927048299 -19.436855851301022 12.587575301298559
21.635907962858564 1.6530033055265403 45.10510758627557
31.58354448152534 -48.607002585412545 61.66245508133263
31.964966300533618 -26.727562972535896 -43.47714526552598
0.43867719577847086 -4.7172532021716576 26.257753143905095
-59.160225557980866 -31.192263356019367 -9.190643398249982
-0.3861684310519975 5.086183014312354 -6.755096079990596
53.12679267503441 13.46946666212717 -14.081596774857287
9.798144298217322 33.23003363595735 11.304194630783003
-1.926126027556504 -37.78090182096604 -2.768566245060666
-33.467241542991026 8.481163806633848 53.43344346099408
-43.7190712155938 11.638620551506209 51.730295614793874
47.83401789446565 30.647794979156572 6.39321759145724 20.822993389635457
49.85734372814358 -47.00693325344777 -15.722938527127278
31.62945755644918 24.965826260076334 -52.4416685603084
-7.866648148784925 43.239896136012874 -25.281770859631973
-24.201483960915795 -4.279701653265801 -5.263788097893996
-30.263689116775545 13.895397449574734 -4.318015103263048
6.632042623840211 5.13622307668438 -14.350050921384504 61.25880144797543
31.253598430072838 0.7324664367225369 -2.293775560550342
11.888882112687412 -7.5707963530498175 -14.212949842487125
-60.381270825431464 5.953793901486898 3.8741416681304806
-67.94143321585848 -5.547977646788684 -9.136664846422805
-48.514204378320734 -37.341304815879774 17.96529611554957
27.52698983693777 40.53667709212632 14.265223437898726 1.838656590893074
-5.991686472606096 -41.123506516274496 -39.82693243556805
26.1225222083559 20.55331079063207 -0.7483862117370302 18.4237649798102
-14.856489606667486 -59.85247809632091 -2.7800613677953607
1.0045326008323086 52.492035223713586 36.25090864524646
31.827820385922415 -45.92335168034213 -13.827633739626746
-39.37478569140454 -45.34348080455712 46.8773989059332
13.122725085140065 0.5239255887852796 -1.2278117121702585
63.298525703033754 -29.134048197121775 -58.550585858515625
10.891340801417286 -0.5536796141880798 -0.21614006688778403
-61.85055298225454 18.34485359127717 -13.23079424053065
2.1837319941143205 -16.443298780825884 47.25312399165735
18.73045747243695 -16.97646419185622 -4.155251563808501
6.631312897036026 11.123463663635047 -8.581393551272766
-13.813048681102575 6.1524267532582115 7.026304586035432
-10.044720745454429 17.112917339441267 9.349493692283234
-7.6358540576539795 -8.572094570376319 8.759920140125358
17.96575617676728 -36.97695431877952 -24.878306483150674
-5.641712069499484 13.11091294631756 -25.475971345598523
44.939363067375226 -54.24178641324201 23.89979911582141
-32.625445719261485 11.518163180398092 22.45386900510908
46.75421833873589 -11.420396167861394 46.74588958526684
21.790970436960116 -8.063398597191677 -4.446333013417975
-2.3971135051119705 30.828493039900096 -8.126057175618783
-12.63495492350678 17.89167195066345 0.34223737114340796
0.584967271616989 -4.071348296185947 -46.42527193275904
19.214810241198737 51.500056434985005 -36.937978305492116
36.09577003447907 1.0402110549173338 6.846000815202971
-4.591764323925446 4.2060511127131175 -42.21433680372054
5.403563599242956 -3.876198092935756 19.577973052498095 7.04864242921756
5.025189881263975 -24.542938279927142 57.258049468492025
-27.31132042269017 48.789683460342985 23.735875005279755
19.65505675874668 -4.687308797420527 0.03590872025849686
-40.701437137235985 -17.57367346057433 59.930903955735346
32.28971181814164 45.67514049715299 25.089359929239897
-67.19874715079656 16.171848560535242 -3.830345051991143
6.283788238079696 9.060106607768326 -57.447232253068364
-14.86708845975695 18.11307464977024 16.09089784490075 26.54003900237551
-17.222894660417865 6.341481074809166 -4.810866235769759
-14.818577765578722 -24.676342319716934 -20.04458627824412
-18.705383228725854 -5.005451167437654 -15.059138331080753
39.16546921807653 7.7651062224356 -43.949959413380654
-2.3290773484814937 64.55975017818044 22.6484256771359 40.27315774772679
12.220595429442742 9.913604636483795 17.81132055189682
-46.69140231666963 17.32371416376262 49.204906559040296
20.48182228671785 -50.25624307288949 45.8814716797807 -43.81012827923666
-37.45350125558811 41.88964985311741 -0.9423364447195377
-1.4351297148442177 9.72137334901109 -22.115791532154045
52.535687054578844 18.0893391932537 -4.18100857733059 2.15112972862301
-11.496991449707918 -35.66256874464861 -63.587102848755244
-8.28402983769717
